Geo_FIPS,Geo_QName,Geo_FILEID,Geo_STUSAB,Geo_SUMLEV,Geo_GEOCOMP,Geo_LOGRECNO,Geo_US,Geo_REGION,Geo_DIVISION,Geo_STATECE,Geo_STATE,Geo_COUNTY,Geo_COUSUB,Geo_PLACE,Geo_TRACT,Geo_BLKGRP,Geo_CONCIT,Geo_AIANHH,Geo_AIANHHFP,Geo_AIHHTLI,Geo_AITSCE,Geo_AITS,Geo_ANRC,Geo_CBSA,Geo_CSA,Geo_METDIV,Geo_MACC,Geo_MEMI,Geo_NECTA,Geo_CNECTA,Geo_NECTADIV,Geo_UA,Geo_UACP,Geo_CDCURR,Geo_SLDU,Geo_SLDL,Geo_VTD,Geo_ZCTA3,Geo_ZCTA5,Geo_SUBMCD,Geo_SDELM,Geo_SDSEC,Geo_SDUNI,Geo_UR,Geo_PCI,Geo_TAZ,Geo_UGA,Geo_PUMA5,Geo_PUMA1,Geo_GEOID,Geo_NAME,Geo_BTTR,Geo_BTBG,Geo_PLACESE,SE_A14001_001,SE_A14001_002,SE_A14001_003,SE_A14001_004,SE_A14001_005,SE_A14001_006,SE_A14001_007,SE_A14001_008,SE_A14001_009,SE_A14001_010,SE_A14001_011,SE_A14001_012,SE_A14001_013,SE_A14001_014,SE_A14001_015,SE_A14001_016,SE_A14001_017,PCT_SE_A14001_002,PCT_SE_A14001_003,PCT_SE_A14001_004,PCT_SE_A14001_005,PCT_SE_A14001_006,PCT_SE_A14001_007,PCT_SE_A14001_008,PCT_SE_A14001_009,PCT_SE_A14001_010,PCT_SE_A14001_011,PCT_SE_A14001_012,PCT_SE_A14001_013,PCT_SE_A14001_014,PCT_SE_A14001_015,PCT_SE_A14001_016,PCT_SE_A14001_017
"06029000102","Census Tract 1.02, Kern County, California","ACSSF","ca","140","00","0003903",,,,,"06","029",,,"000102",,,,,,,,,,,,,,,,,,,,,,,,,,,,,,,,,,,"14000US06029000102","Census Tract 1.02",,,,1159,50,96,128,49,89,12,46,118,7,78,126,76,205,40,7,32,4.31,8.28,11.04,4.23,7.68,1.04,3.97,10.18,0.6,6.73,10.87,6.56,17.69,3.45,0.6,2.76
"06029000103","Census Tract 1.03, Kern County, California","ACSSF","ca","140","00","0003904",,,,,"06","029",,,"000103",,,,,,,,,,,,,,,,,,,,,,,,,,,,,,,,,,,"14000US06029000103","Census Tract 1.03",,,,1682,16,65,7,142,38,365,0,112,143,53,122,519,68,0,0,32,0.95,3.86,0.42,8.44,2.26,21.7,0,6.66,8.5,3.15,7.25,30.86,4.04,0,0,1.9
"06029000104","Census Tract 1.04, Kern County, California","ACSSF","ca","140","00","0003905",,,,,"06","029",,,"000104",,,,,,,,,,,,,,,,,,,,,,,,,,,,,,,,,,,"14000US06029000104","Census Tract 1.04",,,,384,0,106,0,0,0,36,0,0,0,99,86,37,0,20,0,0,0,27.6,0,0,0,9.38,0,0,0,25.78,22.4,9.64,0,5.21,0,0
"06029000105","Census Tract 1.05, Kern County, California","ACSSF","ca","140","00","0003906",,,,,"06","029",,,"000105",,,,,,,,,,,,,,,,,,,,,,,,,,,,,,,,,,,"14000US06029000105","Census Tract 1.05",,,,1660,12,26,243,68,33,158,22,61,102,139,153,443,89,16,51,44,0.72,1.57,14.64,4.1,1.99,9.52,1.33,3.67,6.14,8.37,9.22,26.69,5.36,0.96,3.07,2.65
"06029000106","Census Tract 1.06, Kern County, California","ACSSF","ca","140","00","0003907",,,,,"06","029",,,"000106",,,,,,,,,,,,,,,,,,,,,,,,,,,,,,,,,,,"14000US06029000106","Census Tract 1.06",,,,809,0,51,39,11,50,0,0,116,0,164,133,113,93,11,28,0,0,6.3,4.82,1.36,6.18,0,0,14.34,0,20.27,16.44,13.97,11.5,1.36,3.46,0
"06029000201","Census Tract 2.01, Kern County, California","ACSSF","ca","140","00","0003908",,,,,"06","029",,,"000201",,,,,,,,,,,,,,,,,,,,,,,,,,,,,,,,,,,"14000US06029000201","Census Tract 2.01",,,,1329,213,133,68,117,146,64,32,110,86,104,79,88,89,0,0,0,16.03,10.01,5.12,8.8,10.99,4.82,2.41,8.28,6.47,7.83,5.94,6.62,6.7,0,0,0
"06029000202","Census Tract 2.02, Kern County, California","ACSSF","ca","140","00","0003909",,,,,"06","029",,,"000202",,,,,,,,,,,,,,,,,,,,,,,,,,,,,,,,,,,"14000US06029000202","Census Tract 2.02",,,,1231,83,30,313,64,31,121,37,78,89,54,106,74,73,47,10,21,6.74,2.44,25.43,5.2,2.52,9.83,3.01,6.34,7.23,4.39,8.61,6.01,5.93,3.82,0.81,1.71
"06029000300","Census Tract 3, Kern County, California","ACSSF","ca","140","00","0003910",,,,,"06","029",,,"000300",,,,,,,,,,,,,,,,,,,,,,,,,,,,,,,,,,,"14000US06029000300","Census Tract 3",,,,1820,122,251,141,129,55,131,47,328,55,75,115,226,23,30,37,55,6.7,13.79,7.75,7.09,3.02,7.2,2.58,18.02,3.02,4.12,6.32,12.42,1.26,1.65,2.03,3.02
"06029000400","Census Tract 4, Kern County, California","ACSSF","ca","140","00","0003911",,,,,"06","029",,,"000400",,,,,,,,,,,,,,,,,,,,,,,,,,,,,,,,,,,"14000US06029000400","Census Tract 4",,,,1651,266,334,226,184,78,83,47,76,23,112,101,21,77,10,0,13,16.11,20.23,13.69,11.14,4.72,5.03,2.85,4.6,1.39,6.78,6.12,1.27,4.66,0.61,0,0.79
"06029000504","Census Tract 5.04, Kern County, California","ACSSF","ca","140","00","0003912",,,,,"06","029",,,"000504",,,,,,,,,,,,,,,,,,,,,,,,,,,,,,,,,,,"14000US06029000504","Census Tract 5.04",,,,1748,93,153,124,128,7,60,135,102,38,121,112,128,96,83,223,145,5.32,8.75,7.09,7.32,0.4,3.43,7.72,5.84,2.17,6.92,6.41,7.32,5.49,4.75,12.76,8.3
"06029000505","Census Tract 5.05, Kern County, California","ACSSF","ca","140","00","0003913",,,,,"06","029",,,"000505",,,,,,,,,,,,,,,,,,,,,,,,,,,,,,,,,,,"14000US06029000505","Census Tract 5.05",,,,1477,80,8,26,42,163,87,88,29,8,36,71,375,76,132,158,98,5.42,0.54,1.76,2.84,11.04,5.89,5.96,1.96,0.54,2.44,4.81,25.39,5.15,8.94,10.7,6.64
"06029000506","Census Tract 5.06, Kern County, California","ACSSF","ca","140","00","0003914",,,,,"06","029",,,"000506",,,,,,,,,,,,,,,,,,,,,,,,,,,,,,,,,,,"14000US06029000506","Census Tract 5.06",,,,1369,94,32,11,94,48,20,0,66,66,79,206,144,131,183,35,160,6.87,2.34,0.8,6.87,3.51,1.46,0,4.82,4.82,5.77,15.05,10.52,9.57,13.37,2.56,11.69
"06029000507","Census Tract 5.07, Kern County, California","ACSSF","ca","140","00","0003915",,,,,"06","029",,,"000507",,,,,,,,,,,,,,,,,,,,,,,,,,,,,,,,,,,"14000US06029000507","Census Tract 5.07",,,,1303,10,84,0,14,9,0,40,66,103,15,314,158,161,127,143,59,0.77,6.45,0,1.07,0.69,0,3.07,5.07,7.9,1.15,24.1,12.13,12.36,9.75,10.97,4.53
"06029000508","Census Tract 5.08, Kern County, California","ACSSF","ca","140","00","0003916",,,,,"06","029",,,"000508",,,,,,,,,,,,,,,,,,,,,,,,,,,,,,,,,,,"14000US06029000508","Census Tract 5.08",,,,617,0,0,11,0,17,0,88,29,0,0,58,113,92,142,60,7,0,0,1.78,0,2.76,0,14.26,4.7,0,0,9.4,18.31,14.91,23.01,9.72,1.13
"06029000509","Census Tract 5.09, Kern County, California","ACSSF","ca","140","00","0003917",,,,,"06","029",,,"000509",,,,,,,,,,,,,,,,,,,,,,,,,,,,,,,,,,,"14000US06029000509","Census Tract 5.09",,,,728,0,0,0,14,0,0,0,0,0,0,34,20,141,66,157,296,0,0,0,1.92,0,0,0,0,0,0,4.67,2.75,19.37,9.07,21.57,40.66
"06029000510","Census Tract 5.10, Kern County, California","ACSSF","ca","140","00","0003918",,,,,"06","029",,,"000510",,,,,,,,,,,,,,,,,,,,,,,,,,,,,,,,,,,"14000US06029000510","Census Tract 5.10",,,,1256,48,0,0,0,13,0,0,99,0,5,33,145,208,202,354,149,3.82,0,0,0,1.04,0,0,7.88,0,0.4,2.63,11.54,16.56,16.08,28.18,11.86
"06029000601","Census Tract 6.01, Kern County, California","ACSSF","ca","140","00","0003919",,,,,"06","029",,,"000601",,,,,,,,,,,,,,,,,,,,,,,,,,,,,,,,,,,"14000US06029000601","Census Tract 6.01",,,,870,87,144,90,84,90,0,59,13,0,27,28,222,0,0,26,0,10,16.55,10.34,9.66,10.34,0,6.78,1.49,0,3.1,3.22,25.52,0,0,2.99,0
"06029000602","Census Tract 6.02, Kern County, California","ACSSF","ca","140","00","0003920",,,,,"06","029",,,"000602",,,,,,,,,,,,,,,,,,,,,,,,,,,,,,,,,,,"14000US06029000602","Census Tract 6.02",,,,774,31,219,17,0,68,217,31,31,17,0,35,30,39,0,39,0,4.01,28.29,2.2,0,8.79,28.04,4.01,4.01,2.2,0,4.52,3.88,5.04,0,5.04,0
"06029000603","Census Tract 6.03, Kern County, California","ACSSF","ca","140","00","0003921",,,,,"06","029",,,"000603",,,,,,,,,,,,,,,,,,,,,,,,,,,,,,,,,,,"14000US06029000603","Census Tract 6.03",,,,814,157,107,33,168,71,0,79,0,0,107,33,0,0,59,0,0,19.29,13.14,4.05,20.64,8.72,0,9.71,0,0,13.14,4.05,0,0,7.25,0,0
"06029000701","Census Tract 7.01, Kern County, California","ACSSF","ca","140","00","0003922",,,,,"06","029",,,"000701",,,,,,,,,,,,,,,,,,,,,,,,,,,,,,,,,,,"14000US06029000701","Census Tract 7.01",,,,971,79,38,22,20,115,60,46,95,75,68,131,88,81,1,13,39,8.14,3.91,2.27,2.06,11.84,6.18,4.74,9.78,7.72,7,13.49,9.06,8.34,0.1,1.34,4.02
"06029000702","Census Tract 7.02, Kern County, California","ACSSF","ca","140","00","0003923",,,,,"06","029",,,"000702",,,,,,,,,,,,,,,,,,,,,,,,,,,,,,,,,,,"14000US06029000702","Census Tract 7.02",,,,996,22,42,0,54,17,164,23,16,11,84,86,39,216,98,94,30,2.21,4.22,0,5.42,1.71,16.47,2.31,1.61,1.1,8.43,8.63,3.92,21.69,9.84,9.44,3.01
"06029000800","Census Tract 8, Kern County, California","ACSSF","ca","140","00","0003924",,,,,"06","029",,,"000800",,,,,,,,,,,,,,,,,,,,,,,,,,,,,,,,,,,"14000US06029000800","Census Tract 8",,,,1534,53,79,39,83,114,74,0,56,186,159,36,299,143,74,97,42,3.46,5.15,2.54,5.41,7.43,4.82,0,3.65,12.13,10.37,2.35,19.49,9.32,4.82,6.32,2.74
"06029000902","Census Tract 9.02, Kern County, California","ACSSF","ca","140","00","0003925",,,,,"06","029",,,"000902",,,,,,,,,,,,,,,,,,,,,,,,,,,,,,,,,,,"14000US06029000902","Census Tract 9.02",,,,1107,56,97,12,17,119,18,53,56,106,120,76,213,119,45,0,0,5.06,8.76,1.08,1.54,10.75,1.63,4.79,5.06,9.58,10.84,6.87,19.24,10.75,4.07,0,0
"06029000903","Census Tract 9.03, Kern County, California","ACSSF","ca","140","00","0003926",,,,,"06","029",,,"000903",,,,,,,,,,,,,,,,,,,,,,,,,,,,,,,,,,,"14000US06029000903","Census Tract 9.03",,,,1309,97,16,42,53,33,48,34,41,35,135,122,248,117,122,117,49,7.41,1.22,3.21,4.05,2.52,3.67,2.6,3.13,2.67,10.31,9.32,18.95,8.94,9.32,8.94,3.74
"06029000904","Census Tract 9.04, Kern County, California","ACSSF","ca","140","00","0003927",,,,,"06","029",,,"000904",,,,,,,,,,,,,,,,,,,,,,,,,,,,,,,,,,,"14000US06029000904","Census Tract 9.04",,,,1352,131,36,42,144,41,53,103,95,19,97,133,134,85,46,147,46,9.69,2.66,3.11,10.65,3.03,3.92,7.62,7.03,1.41,7.17,9.84,9.91,6.29,3.4,10.87,3.4
"06029000905","Census Tract 9.05, Kern County, California","ACSSF","ca","140","00","0003928",,,,,"06","029",,,"000905",,,,,,,,,,,,,,,,,,,,,,,,,,,,,,,,,,,"14000US06029000905","Census Tract 9.05",,,,814,14,31,28,26,53,34,73,6,8,83,64,157,70,43,42,82,1.72,3.81,3.44,3.19,6.51,4.18,8.97,0.74,0.98,10.2,7.86,19.29,8.6,5.28,5.16,10.07
"06029000906","Census Tract 9.06, Kern County, California","ACSSF","ca","140","00","0003929",,,,,"06","029",,,"000906",,,,,,,,,,,,,,,,,,,,,,,,,,,,,,,,,,,"14000US06029000906","Census Tract 9.06",,,,1258,60,59,27,26,12,114,58,41,0,251,212,156,152,47,34,9,4.77,4.69,2.15,2.07,0.95,9.06,4.61,3.26,0,19.95,16.85,12.4,12.08,3.74,2.7,0.72
"06029000907","Census Tract 9.07, Kern County, California","ACSSF","ca","140","00","0003930",,,,,"06","029",,,"000907",,,,,,,,,,,,,,,,,,,,,,,,,,,,,,,,,,,"14000US06029000907","Census Tract 9.07",,,,660,31,36,21,0,32,55,9,73,10,37,141,84,23,72,36,0,4.7,5.45,3.18,0,4.85,8.33,1.36,11.06,1.52,5.61,21.36,12.73,3.48,10.91,5.45,0
"06029000908","Census Tract 9.08, Kern County, California","ACSSF","ca","140","00","0003931",,,,,"06","029",,,"000908",,,,,,,,,,,,,,,,,,,,,,,,,,,,,,,,,,,"14000US06029000908","Census Tract 9.08",,,,1506,42,39,32,43,55,16,120,123,57,91,112,120,233,200,147,76,2.79,2.59,2.12,2.86,3.65,1.06,7.97,8.17,3.78,6.04,7.44,7.97,15.47,13.28,9.76,5.05
"06029000909","Census Tract 9.09, Kern County, California","ACSSF","ca","140","00","0003932",,,,,"06","029",,,"000909",,,,,,,,,,,,,,,,,,,,,,,,,,,,,,,,,,,"14000US06029000909","Census Tract 9.09",,,,862,26,59,10,4,20,40,4,14,37,17,95,99,129,68,121,119,3.02,6.84,1.16,0.46,2.32,4.64,0.46,1.62,4.29,1.97,11.02,11.48,14.97,7.89,14.04,13.81
"06029000911","Census Tract 9.11, Kern County, California","ACSSF","ca","140","00","0003933",,,,,"06","029",,,"000911",,,,,,,,,,,,,,,,,,,,,,,,,,,,,,,,,,,"14000US06029000911","Census Tract 9.11",,,,909,113,0,32,76,95,83,62,52,78,19,35,124,0,61,0,79,12.43,0,3.52,8.36,10.45,9.13,6.82,5.72,8.58,2.09,3.85,13.64,0,6.71,0,8.69
"06029000912","Census Tract 9.12, Kern County, California","ACSSF","ca","140","00","0003934",,,,,"06","029",,,"000912",,,,,,,,,,,,,,,,,,,,,,,,,,,,,,,,,,,"14000US06029000912","Census Tract 9.12",,,,1174,55,179,108,0,190,0,84,0,52,40,149,162,23,21,111,0,4.68,15.25,9.2,0,16.18,0,7.16,0,4.43,3.41,12.69,13.8,1.96,1.79,9.45,0
"06029000913","Census Tract 9.13, Kern County, California","ACSSF","ca","140","00","0003935",,,,,"06","029",,,"000913",,,,,,,,,,,,,,,,,,,,,,,,,,,,,,,,,,,"14000US06029000913","Census Tract 9.13",,,,1046,0,0,0,0,0,0,0,18,15,0,137,294,147,74,248,113,0,0,0,0,0,0,0,1.72,1.43,0,13.1,28.11,14.05,7.07,23.71,10.8
"06029000914","Census Tract 9.14, Kern County, California","ACSSF","ca","140","00","0003936",,,,,"06","029",,,"000914",,,,,,,,,,,,,,,,,,,,,,,,,,,,,,,,,,,"14000US06029000914","Census Tract 9.14",,,,1099,8,6,25,0,68,12,0,185,23,14,84,322,109,83,78,82,0.73,0.55,2.27,0,6.19,1.09,0,16.83,2.09,1.27,7.64,29.3,9.92,7.55,7.1,7.46
"06029001001","Census Tract 10.01, Kern County, California","ACSSF","ca","140","00","0003937",,,,,"06","029",,,"001001",,,,,,,,,,,,,,,,,,,,,,,,,,,,,,,,,,,"14000US06029001001","Census Tract 10.01",,,,1021,65,0,60,80,26,12,37,0,36,12,48,202,140,91,80,132,6.37,0,5.88,7.84,2.55,1.18,3.62,0,3.53,1.18,4.7,19.78,13.71,8.91,7.84,12.93
"06029001002","Census Tract 10.02, Kern County, California","ACSSF","ca","140","00","0003938",,,,,"06","029",,,"001002",,,,,,,,,,,,,,,,,,,,,,,,,,,,,,,,,,,"14000US06029001002","Census Tract 10.02",,,,828,98,64,155,34,0,29,24,0,11,77,70,108,93,60,5,0,11.84,7.73,18.72,4.11,0,3.5,2.9,0,1.33,9.3,8.45,13.04,11.23,7.25,0.6,0
"06029001003","Census Tract 10.03, Kern County, California","ACSSF","ca","140","00","0003939",,,,,"06","029",,,"001003",,,,,,,,,,,,,,,,,,,,,,,,,,,,,,,,,,,"14000US06029001003","Census Tract 10.03",,,,969,36,15,0,0,18,12,75,16,148,298,114,99,24,61,53,0,3.72,1.55,0,0,1.86,1.24,7.74,1.65,15.27,30.75,11.76,10.22,2.48,6.3,5.47,0
"06029001101","Census Tract 11.01, Kern County, California","ACSSF","ca","140","00","0003940",,,,,"06","029",,,"001101",,,,,,,,,,,,,,,,,,,,,,,,,,,,,,,,,,,"14000US06029001101","Census Tract 11.01",,,,1620,86,146,121,310,266,47,34,104,51,174,94,61,12,64,50,0,5.31,9.01,7.47,19.14,16.42,2.9,2.1,6.42,3.15,10.74,5.8,3.77,0.74,3.95,3.09,0
"06029001104","Census Tract 11.04, Kern County, California","ACSSF","ca","140","00","0003941",,,,,"06","029",,,"001104",,,,,,,,,,,,,,,,,,,,,,,,,,,,,,,,,,,"14000US06029001104","Census Tract 11.04",,,,669,20,22,133,56,10,11,50,25,72,13,89,51,67,0,12,38,2.99,3.29,19.88,8.37,1.49,1.64,7.47,3.74,10.76,1.94,13.3,7.62,10.01,0,1.79,5.68
"06029001105","Census Tract 11.05, Kern County, California","ACSSF","ca","140","00","0003942",,,,,"06","029",,,"001105",,,,,,,,,,,,,,,,,,,,,,,,,,,,,,,,,,,"14000US06029001105","Census Tract 11.05",,,,919,25,42,107,63,46,70,60,61,0,98,118,69,23,101,11,25,2.72,4.57,11.64,6.86,5.01,7.62,6.53,6.64,0,10.66,12.84,7.51,2.5,10.99,1.2,2.72
"06029001106","Census Tract 11.06, Kern County, California","ACSSF","ca","140","00","0003943",,,,,"06","029",,,"001106",,,,,,,,,,,,,,,,,,,,,,,,,,,,,,,,,,,"14000US06029001106","Census Tract 11.06",,,,575,79,37,57,11,29,44,117,0,62,43,0,41,0,55,0,0,13.74,6.43,9.91,1.91,5.04,7.65,20.35,0,10.78,7.48,0,7.13,0,9.57,0,0
"06029001107","Census Tract 11.07, Kern County, California","ACSSF","ca","140","00","0003944",,,,,"06","029",,,"001107",,,,,,,,,,,,,,,,,,,,,,,,,,,,,,,,,,,"14000US06029001107","Census Tract 11.07",,,,685,64,82,23,92,6,34,0,9,45,36,83,25,123,7,48,8,9.34,11.97,3.36,13.43,0.88,4.96,0,1.31,6.57,5.26,12.12,3.65,17.96,1.02,7.01,1.17
"06029001201","Census Tract 12.01, Kern County, California","ACSSF","ca","140","00","0003945",,,,,"06","029",,,"001201",,,,,,,,,,,,,,,,,,,,,,,,,,,,,,,,,,,"14000US06029001201","Census Tract 12.01",,,,743,57,77,41,67,14,6,54,63,66,52,124,33,54,28,7,0,7.67,10.36,5.52,9.02,1.88,0.81,7.27,8.48,8.88,7,16.69,4.44,7.27,3.77,0.94,0
"06029001202","Census Tract 12.02, Kern County, California","ACSSF","ca","140","00","0003946",,,,,"06","029",,,"001202",,,,,,,,,,,,,,,,,,,,,,,,,,,,,,,,,,,"14000US06029001202","Census Tract 12.02",,,,1721,408,196,195,70,156,127,62,29,127,150,79,50,37,14,0,21,23.71,11.39,11.33,4.07,9.06,7.38,3.6,1.69,7.38,8.72,4.59,2.91,2.15,0.81,0,1.22
"06029001301","Census Tract 13.01, Kern County, California","ACSSF","ca","140","00","0003947",,,,,"06","029",,,"001301",,,,,,,,,,,,,,,,,,,,,,,,,,,,,,,,,,,"14000US06029001301","Census Tract 13.01",,,,1324,164,98,274,77,81,226,45,81,0,108,94,29,47,0,0,0,12.39,7.4,20.69,5.82,6.12,17.07,3.4,6.12,0,8.16,7.1,2.19,3.55,0,0,0
"06029001302","Census Tract 13.02, Kern County, California","ACSSF","ca","140","00","0003948",,,,,"06","029",,,"001302",,,,,,,,,,,,,,,,,,,,,,,,,,,,,,,,,,,"14000US06029001302","Census Tract 13.02",,,,740,174,34,87,136,90,40,30,32,74,0,15,28,0,0,0,0,23.51,4.59,11.76,18.38,12.16,5.41,4.05,4.32,10,0,2.03,3.78,0,0,0,0
"06029001401","Census Tract 14.01, Kern County, California","ACSSF","ca","140","00","0003949",,,,,"06","029",,,"001401",,,,,,,,,,,,,,,,,,,,,,,,,,,,,,,,,,,"14000US06029001401","Census Tract 14.01",,,,1301,61,104,102,102,118,201,43,95,0,87,148,147,0,0,0,93,4.69,7.99,7.84,7.84,9.07,15.45,3.31,7.3,0,6.69,11.38,11.3,0,0,0,7.15
"06029001402","Census Tract 14.02, Kern County, California","ACSSF","ca","140","00","0003950",,,,,"06","029",,,"001402",,,,,,,,,,,,,,,,,,,,,,,,,,,,,,,,,,,"14000US06029001402","Census Tract 14.02",,,,941,28,115,17,92,149,151,74,37,3,40,118,77,19,21,0,0,2.98,12.22,1.81,9.78,15.83,16.05,7.86,3.93,0.32,4.25,12.54,8.18,2.02,2.23,0,0
"06029001500","Census Tract 15, Kern County, California","ACSSF","ca","140","00","0003951",,,,,"06","029",,,"001500",,,,,,,,,,,,,,,,,,,,,,,,,,,,,,,,,,,"14000US06029001500","Census Tract 15",,,,690,37,78,28,87,94,54,62,26,43,11,62,60,12,36,0,0,5.36,11.3,4.06,12.61,13.62,7.83,8.99,3.77,6.23,1.59,8.99,8.7,1.74,5.22,0,0
"06029001600","Census Tract 16, Kern County, California","ACSSF","ca","140","00","0003952",,,,,"06","029",,,"001600",,,,,,,,,,,,,,,,,,,,,,,,,,,,,,,,,,,"14000US06029001600","Census Tract 16",,,,979,226,255,61,39,52,10,28,24,47,76,45,61,34,21,0,0,23.08,26.05,6.23,3.98,5.31,1.02,2.86,2.45,4.8,7.76,4.6,6.23,3.47,2.15,0,0
"06029001700","Census Tract 17, Kern County, California","ACSSF","ca","140","00","0003953",,,,,"06","029",,,"001700",,,,,,,,,,,,,,,,,,,,,,,,,,,,,,,,,,,"14000US06029001700","Census Tract 17",,,,1731,79,156,69,95,13,111,31,115,55,110,171,228,198,153,60,87,4.56,9.01,3.99,5.49,0.75,6.41,1.79,6.64,3.18,6.35,9.88,13.17,11.44,8.84,3.47,5.03
"06029001801","Census Tract 18.01, Kern County, California","ACSSF","ca","140","00","0003954",,,,,"06","029",,,"001801",,,,,,,,,,,,,,,,,,,,,,,,,,,,,,,,,,,"14000US06029001801","Census Tract 18.01",,,,2013,90,155,98,85,168,128,60,70,188,169,249,275,99,118,61,0,4.47,7.7,4.87,4.22,8.35,6.36,2.98,3.48,9.34,8.4,12.37,13.66,4.92,5.86,3.03,0
"06029001803","Census Tract 18.03, Kern County, California","ACSSF","ca","140","00","0003955",,,,,"06","029",,,"001803",,,,,,,,,,,,,,,,,,,,,,,,,,,,,,,,,,,"14000US06029001803","Census Tract 18.03",,,,944,71,59,14,0,0,49,14,23,59,70,104,211,12,46,116,96,7.52,6.25,1.48,0,0,5.19,1.48,2.44,6.25,7.42,11.02,22.35,1.27,4.87,12.29,10.17
"06029001804","Census Tract 18.04, Kern County, California","ACSSF","ca","140","00","0003956",,,,,"06","029",,,"001804",,,,,,,,,,,,,,,,,,,,,,,,,,,,,,,,,,,"14000US06029001804","Census Tract 18.04",,,,1447,0,10,12,0,77,182,0,117,0,79,132,490,86,3,195,64,0,0.69,0.83,0,5.32,12.58,0,8.09,0,5.46,9.12,33.86,5.94,0.21,13.48,4.42
"06029001901","Census Tract 19.01, Kern County, California","ACSSF","ca","140","00","0003957",,,,,"06","029",,,"001901",,,,,,,,,,,,,,,,,,,,,,,,,,,,,,,,,,,"14000US06029001901","Census Tract 19.01",,,,1412,118,42,74,70,115,8,55,18,39,202,263,172,56,100,67,13,8.36,2.97,5.24,4.96,8.14,0.57,3.9,1.27,2.76,14.31,18.63,12.18,3.97,7.08,4.75,0.92
"06029001902","Census Tract 19.02, Kern County, California","ACSSF","ca","140","00","0003958",,,,,"06","029",,,"001902",,,,,,,,,,,,,,,,,,,,,,,,,,,,,,,,,,,"14000US06029001902","Census Tract 19.02",,,,1691,68,118,64,133,80,98,74,165,92,172,96,269,53,8,21,180,4.02,6.98,3.78,7.87,4.73,5.8,4.38,9.76,5.44,10.17,5.68,15.91,3.13,0.47,1.24,10.64
"06029002001","Census Tract 20.01, Kern County, California","ACSSF","ca","140","00","0003959",,,,,"06","029",,,"002001",,,,,,,,,,,,,,,,,,,,,,,,,,,,,,,,,,,"14000US06029002001","Census Tract 20.01",,,,1176,105,524,175,40,0,69,14,14,23,164,0,27,21,0,0,0,8.93,44.56,14.88,3.4,0,5.87,1.19,1.19,1.96,13.95,0,2.3,1.79,0,0,0
"06029002002","Census Tract 20.02, Kern County, California","ACSSF","ca","140","00","0003960",,,,,"06","029",,,"002002",,,,,,,,,,,,,,,,,,,,,,,,,,,,,,,,,,,"14000US06029002002","Census Tract 20.02",,,,1428,192,152,13,186,240,27,44,138,117,21,119,165,14,0,0,0,13.45,10.64,0.91,13.03,16.81,1.89,3.08,9.66,8.19,1.47,8.33,11.55,0.98,0,0,0
"06029002100","Census Tract 21, Kern County, California","ACSSF","ca","140","00","0003961",,,,,"06","029",,,"002100",,,,,,,,,,,,,,,,,,,,,,,,,,,,,,,,,,,"14000US06029002100","Census Tract 21",,,,1025,85,169,70,57,79,62,20,42,105,118,56,81,62,19,0,0,8.29,16.49,6.83,5.56,7.71,6.05,1.95,4.1,10.24,11.51,5.46,7.9,6.05,1.85,0,0
"06029002201","Census Tract 22.01, Kern County, California","ACSSF","ca","140","00","0003962",,,,,"06","029",,,"002201",,,,,,,,,,,,,,,,,,,,,,,,,,,,,,,,,,,"14000US06029002201","Census Tract 22.01",,,,682,63,34,47,23,52,141,43,19,5,60,37,114,44,0,0,0,9.24,4.99,6.89,3.37,7.62,20.67,6.3,2.79,0.73,8.8,5.43,16.72,6.45,0,0,0
"06029002202","Census Tract 22.02, Kern County, California","ACSSF","ca","140","00","0003963",,,,,"06","029",,,"002202",,,,,,,,,,,,,,,,,,,,,,,,,,,,,,,,,,,"14000US06029002202","Census Tract 22.02",,,,839,146,90,36,14,96,115,46,48,20,96,64,68,0,0,0,0,17.4,10.73,4.29,1.67,11.44,13.71,5.48,5.72,2.38,11.44,7.63,8.1,0,0,0,0
"06029002302","Census Tract 23.02, Kern County, California","ACSSF","ca","140","00","0003964",,,,,"06","029",,,"002302",,,,,,,,,,,,,,,,,,,,,,,,,,,,,,,,,,,"14000US06029002302","Census Tract 23.02",,,,838,35,57,45,91,54,55,27,36,72,133,74,84,34,41,0,0,4.18,6.8,5.37,10.86,6.44,6.56,3.22,4.3,8.59,15.87,8.83,10.02,4.06,4.89,0,0
"06029002303","Census Tract 23.03, Kern County, California","ACSSF","ca","140","00","0003965",,,,,"06","029",,,"002303",,,,,,,,,,,,,,,,,,,,,,,,,,,,,,,,,,,"14000US06029002303","Census Tract 23.03",,,,938,37,25,89,59,42,54,59,96,99,25,109,127,89,17,0,11,3.94,2.67,9.49,6.29,4.48,5.76,6.29,10.23,10.55,2.67,11.62,13.54,9.49,1.81,0,1.17
"06029002304","Census Tract 23.04, Kern County, California","ACSSF","ca","140","00","0003966",,,,,"06","029",,,"002304",,,,,,,,,,,,,,,,,,,,,,,,,,,,,,,,,,,"14000US06029002304","Census Tract 23.04",,,,873,22,17,0,54,156,51,67,39,45,20,176,99,69,0,0,58,2.52,1.95,0,6.19,17.87,5.84,7.67,4.47,5.15,2.29,20.16,11.34,7.9,0,0,6.64
"06029002305","Census Tract 23.05, Kern County, California","ACSSF","ca","140","00","0003967",,,,,"06","029",,,"002305",,,,,,,,,,,,,,,,,,,,,,,,,,,,,,,,,,,"14000US06029002305","Census Tract 23.05",,,,706,0,61,21,28,140,15,92,32,39,12,156,107,3,0,0,0,0,8.64,2.97,3.97,19.83,2.12,13.03,4.53,5.52,1.7,22.1,15.16,0.42,0,0,0
"06029002401","Census Tract 24.01, Kern County, California","ACSSF","ca","140","00","0003968",,,,,"06","029",,,"002401",,,,,,,,,,,,,,,,,,,,,,,,,,,,,,,,,,,"14000US06029002401","Census Tract 24.01",,,,495,118,0,23,45,0,26,15,0,57,26,7,116,44,8,0,10,23.84,0,4.65,9.09,0,5.25,3.03,0,11.52,5.25,1.41,23.43,8.89,1.62,0,2.02
"06029002402","Census Tract 24.02, Kern County, California","ACSSF","ca","140","00","0003969",,,,,"06","029",,,"002402",,,,,,,,,,,,,,,,,,,,,,,,,,,,,,,,,,,"14000US06029002402","Census Tract 24.02",,,,1210,75,40,58,13,0,17,42,63,26,233,189,202,210,42,0,0,6.2,3.31,4.79,1.07,0,1.4,3.47,5.21,2.15,19.26,15.62,16.69,17.36,3.47,0,0
"06029002403","Census Tract 24.03, Kern County, California","ACSSF","ca","140","00","0003970",,,,,"06","029",,,"002403",,,,,,,,,,,,,,,,,,,,,,,,,,,,,,,,,,,"14000US06029002403","Census Tract 24.03",,,,610,106,35,40,83,64,0,30,84,18,19,62,0,22,8,0,39,17.38,5.74,6.56,13.61,10.49,0,4.92,13.77,2.95,3.11,10.16,0,3.61,1.31,0,6.39
"06029002501","Census Tract 25.01, Kern County, California","ACSSF","ca","140","00","0003971",,,,,"06","029",,,"002501",,,,,,,,,,,,,,,,,,,,,,,,,,,,,,,,,,,"14000US06029002501","Census Tract 25.01",,,,1100,163,96,10,114,22,122,112,30,0,60,140,142,43,0,46,0,14.82,8.73,0.91,10.36,2,11.09,10.18,2.73,0,5.45,12.73,12.91,3.91,0,4.18,0
"06029002502","Census Tract 25.02, Kern County, California","ACSSF","ca","140","00","0003972",,,,,"06","029",,,"002502",,,,,,,,,,,,,,,,,,,,,,,,,,,,,,,,,,,"14000US06029002502","Census Tract 25.02",,,,560,47,49,19,73,34,58,56,33,0,62,0,50,47,0,32,0,8.39,8.75,3.39,13.04,6.07,10.36,10,5.89,0,11.07,0,8.93,8.39,0,5.71,0
"06029002503","Census Tract 25.03, Kern County, California","ACSSF","ca","140","00","0003973",,,,,"06","029",,,"002503",,,,,,,,,,,,,,,,,,,,,,,,,,,,,,,,,,,"14000US06029002503","Census Tract 25.03",,,,742,100,41,117,0,26,0,68,54,0,132,60,67,0,77,0,0,13.48,5.53,15.77,0,3.5,0,9.16,7.28,0,17.79,8.09,9.03,0,10.38,0,0
"06029002600","Census Tract 26, Kern County, California","ACSSF","ca","140","00","0003974",,,,,"06","029",,,"002600",,,,,,,,,,,,,,,,,,,,,,,,,,,,,,,,,,,"14000US06029002600","Census Tract 26",,,,933,84,166,24,30,40,71,98,34,37,109,40,93,49,6,11,41,9,17.79,2.57,3.22,4.29,7.61,10.5,3.64,3.97,11.68,4.29,9.97,5.25,0.64,1.18,4.39
"06029002701","Census Tract 27.01, Kern County, California","ACSSF","ca","140","00","0003975",,,,,"06","029",,,"002701",,,,,,,,,,,,,,,,,,,,,,,,,,,,,,,,,,,"14000US06029002701","Census Tract 27.01",,,,814,102,15,17,4,118,11,113,18,6,130,53,80,101,40,6,0,12.53,1.84,2.09,0.49,14.5,1.35,13.88,2.21,0.74,15.97,6.51,9.83,12.41,4.91,0.74,0
"06029002702","Census Tract 27.02, Kern County, California","ACSSF","ca","140","00","0003976",,,,,"06","029",,,"002702",,,,,,,,,,,,,,,,,,,,,,,,,,,,,,,,,,,"14000US06029002702","Census Tract 27.02",,,,973,78,11,60,26,34,102,36,87,21,81,103,191,38,22,76,7,8.02,1.13,6.17,2.67,3.49,10.48,3.7,8.94,2.16,8.32,10.59,19.63,3.91,2.26,7.81,0.72
"06029002804","Census Tract 28.04, Kern County, California","ACSSF","ca","140","00","0003977",,,,,"06","029",,,"002804",,,,,,,,,,,,,,,,,,,,,,,,,,,,,,,,,,,"14000US06029002804","Census Tract 28.04",,,,1407,145,124,70,59,67,137,68,51,59,96,167,106,56,100,74,28,10.31,8.81,4.98,4.19,4.76,9.74,4.83,3.62,4.19,6.82,11.87,7.53,3.98,7.11,5.26,1.99
"06029002806","Census Tract 28.06, Kern County, California","ACSSF","ca","140","00","0003978",,,,,"06","029",,,"002806",,,,,,,,,,,,,,,,,,,,,,,,,,,,,,,,,,,"14000US06029002806","Census Tract 28.06",,,,1003,34,12,17,8,20,73,89,15,28,115,200,104,166,41,57,24,3.39,1.2,1.69,0.8,1.99,7.28,8.87,1.5,2.79,11.47,19.94,10.37,16.55,4.09,5.68,2.39
"06029002807","Census Tract 28.07, Kern County, California","ACSSF","ca","140","00","0003979",,,,,"06","029",,,"002807",,,,,,,,,,,,,,,,,,,,,,,,,,,,,,,,,,,"14000US06029002807","Census Tract 28.07",,,,1303,27,8,84,42,6,12,0,36,8,79,65,172,130,168,110,356,2.07,0.61,6.45,3.22,0.46,0.92,0,2.76,0.61,6.06,4.99,13.2,9.98,12.89,8.44,27.32
"06029002811","Census Tract 28.11, Kern County, California","ACSSF","ca","140","00","0003980",,,,,"06","029",,,"002811",,,,,,,,,,,,,,,,,,,,,,,,,,,,,,,,,,,"14000US06029002811","Census Tract 28.11",,,,1313,21,7,45,0,13,0,7,14,54,105,64,111,86,118,227,441,1.6,0.53,3.43,0,0.99,0,0.53,1.07,4.11,8,4.87,8.45,6.55,8.99,17.29,33.59
"06029002813","Census Tract 28.13, Kern County, California","ACSSF","ca","140","00","0003981",,,,,"06","029",,,"002813",,,,,,,,,,,,,,,,,,,,,,,,,,,,,,,,,,,"14000US06029002813","Census Tract 28.13",,,,1605,89,162,115,74,113,129,89,62,85,172,174,156,83,69,24,9,5.55,10.09,7.17,4.61,7.04,8.04,5.55,3.86,5.3,10.72,10.84,9.72,5.17,4.3,1.5,0.56
"06029002814","Census Tract 28.14, Kern County, California","ACSSF","ca","140","00","0003982",,,,,"06","029",,,"002814",,,,,,,,,,,,,,,,,,,,,,,,,,,,,,,,,,,"14000US06029002814","Census Tract 28.14",,,,1555,87,177,54,64,146,110,93,97,37,147,188,161,82,37,75,0,5.59,11.38,3.47,4.12,9.39,7.07,5.98,6.24,2.38,9.45,12.09,10.35,5.27,2.38,4.82,0
"06029002815","Census Tract 28.15, Kern County, California","ACSSF","ca","140","00","0003983",,,,,"06","029",,,"002815",,,,,,,,,,,,,,,,,,,,,,,,,,,,,,,,,,,"14000US06029002815","Census Tract 28.15",,,,1470,37,153,37,152,133,118,72,79,72,97,85,112,157,20,63,83,2.52,10.41,2.52,10.34,9.05,8.03,4.9,5.37,4.9,6.6,5.78,7.62,10.68,1.36,4.29,5.65
"06029002816","Census Tract 28.16, Kern County, California","ACSSF","ca","140","00","0003984",,,,,"06","029",,,"002816",,,,,,,,,,,,,,,,,,,,,,,,,,,,,,,,,,,"14000US06029002816","Census Tract 28.16",,,,1946,86,54,121,50,82,31,94,197,130,219,272,421,13,31,125,20,4.42,2.77,6.22,2.57,4.21,1.59,4.83,10.12,6.68,11.25,13.98,21.63,0.67,1.59,6.42,1.03
"06029002817","Census Tract 28.17, Kern County, California","ACSSF","ca","140","00","0003985",,,,,"06","029",,,"002817",,,,,,,,,,,,,,,,,,,,,,,,,,,,,,,,,,,"14000US06029002817","Census Tract 28.17",,,,1828,111,207,76,147,108,49,90,176,85,78,137,236,151,56,107,14,6.07,11.32,4.16,8.04,5.91,2.68,4.92,9.63,4.65,4.27,7.49,12.91,8.26,3.06,5.85,0.77
"06029002818","Census Tract 28.18, Kern County, California","ACSSF","ca","140","00","0003986",,,,,"06","029",,,"002818",,,,,,,,,,,,,,,,,,,,,,,,,,,,,,,,,,,"14000US06029002818","Census Tract 28.18",,,,1485,57,37,13,52,81,51,38,54,16,182,143,153,142,145,141,180,3.84,2.49,0.88,3.5,5.45,3.43,2.56,3.64,1.08,12.26,9.63,10.3,9.56,9.76,9.49,12.12
"06029002819","Census Tract 28.19, Kern County, California","ACSSF","ca","140","00","0003987",,,,,"06","029",,,"002819",,,,,,,,,,,,,,,,,,,,,,,,,,,,,,,,,,,"14000US06029002819","Census Tract 28.19",,,,1704,35,0,71,47,146,62,53,64,37,116,256,283,227,142,124,41,2.05,0,4.17,2.76,8.57,3.64,3.11,3.76,2.17,6.81,15.02,16.61,13.32,8.33,7.28,2.41
"06029002820","Census Tract 28.20, Kern County, California","ACSSF","ca","140","00","0003988",,,,,"06","029",,,"002820",,,,,,,,,,,,,,,,,,,,,,,,,,,,,,,,,,,"14000US06029002820","Census Tract 28.20",,,,2016,13,78,0,0,64,54,0,0,23,283,98,366,220,192,242,383,0.64,3.87,0,0,3.17,2.68,0,0,1.14,14.04,4.86,18.15,10.91,9.52,12,19
"06029002821","Census Tract 28.21, Kern County, California","ACSSF","ca","140","00","0003989",,,,,"06","029",,,"002821",,,,,,,,,,,,,,,,,,,,,,,,,,,,,,,,,,,"14000US06029002821","Census Tract 28.21",,,,1610,8,0,9,73,12,52,35,38,22,114,212,429,209,146,189,62,0.5,0,0.56,4.53,0.75,3.23,2.17,2.36,1.37,7.08,13.17,26.65,12.98,9.07,11.74,3.85
"06029002822","Census Tract 28.22, Kern County, California","ACSSF","ca","140","00","0003990",,,,,"06","029",,,"002822",,,,,,,,,,,,,,,,,,,,,,,,,,,,,,,,,,,"14000US06029002822","Census Tract 28.22",,,,1112,11,20,0,37,20,0,0,11,61,22,72,123,135,93,144,363,0.99,1.8,0,3.33,1.8,0,0,0.99,5.49,1.98,6.47,11.06,12.14,8.36,12.95,32.64
"06029002823","Census Tract 28.23, Kern County, California","ACSSF","ca","140","00","0003991",,,,,"06","029",,,"002823",,,,,,,,,,,,,,,,,,,,,,,,,,,,,,,,,,,"14000US06029002823","Census Tract 28.23",,,,1744,190,92,16,46,35,100,0,87,190,100,146,137,144,38,150,273,10.89,5.28,0.92,2.64,2.01,5.73,0,4.99,10.89,5.73,8.37,7.86,8.26,2.18,8.6,15.65
"06029002824","Census Tract 28.24, Kern County, California","ACSSF","ca","140","00","0003992",,,,,"06","029",,,"002824",,,,,,,,,,,,,,,,,,,,,,,,,,,,,,,,,,,"14000US06029002824","Census Tract 28.24",,,,944,88,69,43,7,178,98,91,43,7,99,32,102,87,0,0,0,9.32,7.31,4.56,0.74,18.86,10.38,9.64,4.56,0.74,10.49,3.39,10.81,9.22,0,0,0
"06029002825","Census Tract 28.25, Kern County, California","ACSSF","ca","140","00","0003993",,,,,"06","029",,,"002825",,,,,,,,,,,,,,,,,,,,,,,,,,,,,,,,,,,"14000US06029002825","Census Tract 28.25",,,,929,18,40,69,37,56,109,60,95,31,118,101,118,25,15,0,37,1.94,4.31,7.43,3.98,6.03,11.73,6.46,10.23,3.34,12.7,10.87,12.7,2.69,1.61,0,3.98
"06029002901","Census Tract 29.01, Kern County, California","ACSSF","ca","140","00","0003994",,,,,"06","029",,,"002901",,,,,,,,,,,,,,,,,,,,,,,,,,,,,,,,,,,"14000US06029002901","Census Tract 29.01",,,,931,0,0,0,3,20,30,271,68,31,9,174,85,19,70,151,0,0,0,0,0.32,2.15,3.22,29.11,7.3,3.33,0.97,18.69,9.13,2.04,7.52,16.22,0
"06029002902","Census Tract 29.02, Kern County, California","ACSSF","ca","140","00","0003995",,,,,"06","029",,,"002902",,,,,,,,,,,,,,,,,,,,,,,,,,,,,,,,,,,"14000US06029002902","Census Tract 29.02",,,,1343,103,144,122,73,23,63,56,131,80,134,149,118,83,52,12,0,7.67,10.72,9.08,5.44,1.71,4.69,4.17,9.75,5.96,9.98,11.09,8.79,6.18,3.87,0.89,0
"06029003001","Census Tract 30.01, Kern County, California","ACSSF","ca","140","00","0003996",,,,,"06","029",,,"003001",,,,,,,,,,,,,,,,,,,,,,,,,,,,,,,,,,,"14000US06029003001","Census Tract 30.01",,,,1037,0,124,64,30,103,150,51,100,26,7,146,189,0,16,31,0,0,11.96,6.17,2.89,9.93,14.46,4.92,9.64,2.51,0.68,14.08,18.23,0,1.54,2.99,0
"06029003002","Census Tract 30.02, Kern County, California","ACSSF","ca","140","00","0003997",,,,,"06","029",,,"003002",,,,,,,,,,,,,,,,,,,,,,,,,,,,,,,,,,,"14000US06029003002","Census Tract 30.02",,,,897,36,38,151,81,36,148,6,21,100,42,62,134,28,5,0,9,4.01,4.24,16.83,9.03,4.01,16.5,0.67,2.34,11.15,4.68,6.91,14.94,3.12,0.56,0,1
"06029003103","Census Tract 31.03, Kern County, California","ACSSF","ca","140","00","0003998",,,,,"06","029",,,"003103",,,,,,,,,,,,,,,,,,,,,,,,,,,,,,,,,,,"14000US06029003103","Census Tract 31.03",,,,1077,60,164,9,88,19,27,94,89,102,181,79,99,41,13,12,0,5.57,15.23,0.84,8.17,1.76,2.51,8.73,8.26,9.47,16.81,7.34,9.19,3.81,1.21,1.11,0
"06029003112","Census Tract 31.12, Kern County, California","ACSSF","ca","140","00","0003999",,,,,"06","029",,,"003112",,,,,,,,,,,,,,,,,,,,,,,,,,,,,,,,,,,"14000US06029003112","Census Tract 31.12",,,,2216,46,98,24,119,134,105,116,211,95,301,213,372,232,40,110,0,2.08,4.42,1.08,5.37,6.05,4.74,5.23,9.52,4.29,13.58,9.61,16.79,10.47,1.81,4.96,0
"06029003113","Census Tract 31.13, Kern County, California","ACSSF","ca","140","00","0004000",,,,,"06","029",,,"003113",,,,,,,,,,,,,,,,,,,,,,,,,,,,,,,,,,,"14000US06029003113","Census Tract 31.13",,,,1465,51,54,62,49,78,181,95,40,104,49,218,200,72,89,45,78,3.48,3.69,4.23,3.34,5.32,12.35,6.48,2.73,7.1,3.34,14.88,13.65,4.91,6.08,3.07,5.32
"06029003124","Census Tract 31.24, Kern County, California","ACSSF","ca","140","00","0004001",,,,,"06","029",,,"003124",,,,,,,,,,,,,,,,,,,,,,,,,,,,,,,,,,,"14000US06029003124","Census Tract 31.24",,,,1686,17,18,79,50,109,20,33,22,0,164,152,564,204,73,122,59,1.01,1.07,4.69,2.97,6.47,1.19,1.96,1.3,0,9.73,9.02,33.45,12.1,4.33,7.24,3.5
"06029003125","Census Tract 31.25, Kern County, California","ACSSF","ca","140","00","0004002",,,,,"06","029",,,"003125",,,,,,,,,,,,,,,,,,,,,,,,,,,,,,,,,,,"14000US06029003125","Census Tract 31.25",,,,928,0,83,0,11,142,35,22,12,49,77,108,218,136,8,27,0,0,8.94,0,1.19,15.3,3.77,2.37,1.29,5.28,8.3,11.64,23.49,14.66,0.86,2.91,0
"06029003126","Census Tract 31.26, Kern County, California","ACSSF","ca","140","00","0004003",,,,,"06","029",,,"003126",,,,,,,,,,,,,,,,,,,,,,,,,,,,,,,,,,,"14000US06029003126","Census Tract 31.26",,,,1792,107,54,132,5,129,72,275,0,136,265,337,194,49,19,18,0,5.97,3.01,7.37,0.28,7.2,4.02,15.35,0,7.59,14.79,18.81,10.83,2.73,1.06,1,0
"06029003127","Census Tract 31.27, Kern County, California","ACSSF","ca","140","00","0004004",,,,,"06","029",,,"003127",,,,,,,,,,,,,,,,,,,,,,,,,,,,,,,,,,,"14000US06029003127","Census Tract 31.27",,,,1031,116,29,59,88,42,5,37,21,94,159,110,74,177,20,0,0,11.25,2.81,5.72,8.54,4.07,0.48,3.59,2.04,9.12,15.42,10.67,7.18,17.17,1.94,0,0
"06029003128","Census Tract 31.28, Kern County, California","ACSSF","ca","140","00","0004005",,,,,"06","029",,,"003128",,,,,,,,,,,,,,,,,,,,,,,,,,,,,,,,,,,"14000US06029003128","Census Tract 31.28",,,,1206,0,45,51,24,70,161,46,129,76,192,70,101,81,90,70,0,0,3.73,4.23,1.99,5.8,13.35,3.81,10.7,6.3,15.92,5.8,8.37,6.72,7.46,5.8,0
"06029003129","Census Tract 31.29, Kern County, California","ACSSF","ca","140","00","0004006",,,,,"06","029",,,"003129",,,,,,,,,,,,,,,,,,,,,,,,,,,,,,,,,,,"14000US06029003129","Census Tract 31.29",,,,1217,67,0,0,23,257,0,110,162,0,57,38,28,170,150,55,100,5.51,0,0,1.89,21.12,0,9.04,13.31,0,4.68,3.12,2.3,13.97,12.33,4.52,8.22
"06029003130","Census Tract 31.30, Kern County, California","ACSSF","ca","140","00","0004007",,,,,"06","029",,,"003130",,,,,,,,,,,,,,,,,,,,,,,,,,,,,,,,,,,"14000US06029003130","Census Tract 31.30",,,,1461,0,0,0,0,48,0,88,0,115,51,60,0,258,567,145,129,0,0,0,0,3.29,0,6.02,0,7.87,3.49,4.11,0,17.66,38.81,9.92,8.83
"06029003131","Census Tract 31.31, Kern County, California","ACSSF","ca","140","00","0004008",,,,,"06","029",,,"003131",,,,,,,,,,,,,,,,,,,,,,,,,,,,,,,,,,,"14000US06029003131","Census Tract 31.31",,,,967,0,0,39,0,51,32,56,67,14,102,282,140,99,72,13,0,0,0,4.03,0,5.27,3.31,5.79,6.93,1.45,10.55,29.16,14.48,10.24,7.45,1.34,0
"06029003132","Census Tract 31.32, Kern County, California","ACSSF","ca","140","00","0004009",,,,,"06","029",,,"003132",,,,,,,,,,,,,,,,,,,,,,,,,,,,,,,,,,,"14000US06029003132","Census Tract 31.32",,,,1372,32,26,37,162,52,62,35,114,64,52,94,210,136,252,29,15,2.33,1.9,2.7,11.81,3.79,4.52,2.55,8.31,4.66,3.79,6.85,15.31,9.91,18.37,2.11,1.09
"06029003133","Census Tract 31.33, Kern County, California","ACSSF","ca","140","00","0004010",,,,,"06","029",,,"003133",,,,,,,,,,,,,,,,,,,,,,,,,,,,,,,,,,,"14000US06029003133","Census Tract 31.33",,,,883,112,0,0,9,73,13,11,53,38,74,42,168,128,81,34,47,12.68,0,0,1.02,8.27,1.47,1.25,6,4.3,8.38,4.76,19.03,14.5,9.17,3.85,5.32
"06029003134","Census Tract 31.34, Kern County, California","ACSSF","ca","140","00","0004011",,,,,"06","029",,,"003134",,,,,,,,,,,,,,,,,,,,,,,,,,,,,,,,,,,"14000US06029003134","Census Tract 31.34",,,,884,124,0,0,0,0,53,0,0,0,166,177,114,205,0,0,45,14.03,0,0,0,0,6,0,0,0,18.78,20.02,12.9,23.19,0,0,5.09
"06029003135","Census Tract 31.35, Kern County, California","ACSSF","ca","140","00","0004012",,,,,"06","029",,,"003135",,,,,,,,,,,,,,,,,,,,,,,,,,,,,,,,,,,"14000US06029003135","Census Tract 31.35",,,,1241,30,0,27,0,148,0,0,0,103,62,82,92,309,106,177,105,2.42,0,2.18,0,11.93,0,0,0,8.3,5,6.61,7.41,24.9,8.54,14.26,8.46
"06029003136","Census Tract 31.36, Kern County, California","ACSSF","ca","140","00","0004013",,,,,"06","029",,,"003136",,,,,,,,,,,,,,,,,,,,,,,,,,,,,,,,,,,"14000US06029003136","Census Tract 31.36",,,,478,10,62,0,13,63,16,12,22,6,94,38,7,63,0,44,28,2.09,12.97,0,2.72,13.18,3.35,2.51,4.6,1.26,19.67,7.95,1.46,13.18,0,9.21,5.86
"06029003137","Census Tract 31.37, Kern County, California","ACSSF","ca","140","00","0004014",,,,,"06","029",,,"003137",,,,,,,,,,,,,,,,,,,,,,,,,,,,,,,,,,,"14000US06029003137","Census Tract 31.37",,,,893,34,81,52,27,30,29,32,19,79,143,102,92,138,7,28,0,3.81,9.07,5.82,3.02,3.36,3.25,3.58,2.13,8.85,16.01,11.42,10.3,15.45,0.78,3.14,0
"06029003203","Census Tract 32.03, Kern County, California","ACSSF","ca","140","00","0004015",,,,,"06","029",,,"003203",,,,,,,,,,,,,,,,,,,,,,,,,,,,,,,,,,,"14000US06029003203","Census Tract 32.03",,,,746,28,14,16,0,0,69,7,12,4,19,78,145,131,48,148,27,3.75,1.88,2.14,0,0,9.25,0.94,1.61,0.54,2.55,10.46,19.44,17.56,6.43,19.84,3.62
"06029003207","Census Tract 32.07, Kern County, California","ACSSF","ca","140","00","0004016",,,,,"06","029",,,"003207",,,,,,,,,,,,,,,,,,,,,,,,,,,,,,,,,,,"14000US06029003207","Census Tract 32.07",,,,1019,69,1,72,101,0,61,58,66,10,120,110,135,58,54,73,31,6.77,0.1,7.07,9.91,0,5.99,5.69,6.48,0.98,11.78,10.79,13.25,5.69,5.3,7.16,3.04
"06029003208","Census Tract 32.08, Kern County, California","ACSSF","ca","140","00","0004017",,,,,"06","029",,,"003208",,,,,,,,,,,,,,,,,,,,,,,,,,,,,,,,,,,"14000US06029003208","Census Tract 32.08",,,,1718,55,16,0,136,0,287,56,38,0,232,223,428,57,79,88,23,3.2,0.93,0,7.92,0,16.71,3.26,2.21,0,13.5,12.98,24.91,3.32,4.6,5.12,1.34
"06029003209","Census Tract 32.09, Kern County, California","ACSSF","ca","140","00","0004018",,,,,"06","029",,,"003209",,,,,,,,,,,,,,,,,,,,,,,,,,,,,,,,,,,"14000US06029003209","Census Tract 32.09",,,,1039,6,42,43,38,28,20,20,100,7,95,75,77,75,80,145,188,0.58,4.04,4.14,3.66,2.69,1.92,1.92,9.62,0.67,9.14,7.22,7.41,7.22,7.7,13.96,18.09
"06029003210","Census Tract 32.10, Kern County, California","ACSSF","ca","140","00","0004019",,,,,"06","029",,,"003210",,,,,,,,,,,,,,,,,,,,,,,,,,,,,,,,,,,"14000US06029003210","Census Tract 32.10",,,,1626,17,53,0,3,11,7,13,60,7,139,565,220,147,138,114,132,1.05,3.26,0,0.18,0.68,0.43,0.8,3.69,0.43,8.55,34.75,13.53,9.04,8.49,7.01,8.12
"06029003211","Census Tract 32.11, Kern County, California","ACSSF","ca","140","00","0004020",,,,,"06","029",,,"003211",,,,,,,,,,,,,,,,,,,,,,,,,,,,,,,,,,,"14000US06029003211","Census Tract 32.11",,,,1183,0,21,49,15,35,60,21,82,32,59,18,150,509,14,54,64,0,1.78,4.14,1.27,2.96,5.07,1.78,6.93,2.7,4.99,1.52,12.68,43.03,1.18,4.56,5.41
"06029003212","Census Tract 32.12, Kern County, California","ACSSF","ca","140","00","0004021",,,,,"06","029",,,"003212",,,,,,,,,,,,,,,,,,,,,,,,,,,,,,,,,,,"14000US06029003212","Census Tract 32.12",,,,1823,40,0,0,0,0,27,15,0,0,24,64,305,158,286,199,705,2.19,0,0,0,0,1.48,0.82,0,0,1.32,3.51,16.73,8.67,15.69,10.92,38.67
"06029003213","Census Tract 32.13, Kern County, California","ACSSF","ca","140","00","0004022",,,,,"06","029",,,"003213",,,,,,,,,,,,,,,,,,,,,,,,,,,,,,,,,,,"14000US06029003213","Census Tract 32.13",,,,467,0,0,0,0,0,0,8,0,0,106,18,49,59,97,39,91,0,0,0,0,0,0,1.71,0,0,22.7,3.85,10.49,12.63,20.77,8.35,19.49
"06029003214","Census Tract 32.14, Kern County, California","ACSSF","ca","140","00","0004023",,,,,"06","029",,,"003214",,,,,,,,,,,,,,,,,,,,,,,,,,,,,,,,,,,"14000US06029003214","Census Tract 32.14",,,,514,0,0,0,0,18,127,64,0,20,0,35,26,92,105,0,27,0,0,0,0,3.5,24.71,12.45,0,3.89,0,6.81,5.06,17.9,20.43,0,5.25
"06029003215","Census Tract 32.15, Kern County, California","ACSSF","ca","140","00","0004024",,,,,"06","029",,,"003215",,,,,,,,,,,,,,,,,,,,,,,,,,,,,,,,,,,"14000US06029003215","Census Tract 32.15",,,,1153,26,114,0,83,84,0,17,53,69,20,170,173,236,55,17,36,2.25,9.89,0,7.2,7.29,0,1.47,4.6,5.98,1.73,14.74,15,20.47,4.77,1.47,3.12
"06029003216","Census Tract 32.16, Kern County, California","ACSSF","ca","140","00","0004025",,,,,"06","029",,,"003216",,,,,,,,,,,,,,,,,,,,,,,,,,,,,,,,,,,"14000US06029003216","Census Tract 32.16",,,,911,27,24,18,0,0,0,38,24,0,23,196,115,155,54,149,88,2.96,2.63,1.98,0,0,0,4.17,2.63,0,2.52,21.51,12.62,17.01,5.93,16.36,9.66
"06029003217","Census Tract 32.17, Kern County, California","ACSSF","ca","140","00","0004026",,,,,"06","029",,,"003217",,,,,,,,,,,,,,,,,,,,,,,,,,,,,,,,,,,"14000US06029003217","Census Tract 32.17",,,,854,0,0,0,0,51,0,0,57,34,84,36,83,321,84,49,55,0,0,0,0,5.97,0,0,6.67,3.98,9.84,4.22,9.72,37.59,9.84,5.74,6.44
"06029003218","Census Tract 32.18, Kern County, California","ACSSF","ca","140","00","0004027",,,,,"06","029",,,"003218",,,,,,,,,,,,,,,,,,,,,,,,,,,,,,,,,,,"14000US06029003218","Census Tract 32.18",,,,1538,153,0,0,31,33,18,0,41,36,20,153,327,190,43,355,138,9.95,0,0,2.02,2.15,1.17,0,2.67,2.34,1.3,9.95,21.26,12.35,2.8,23.08,8.97
"06029003219","Census Tract 32.19, Kern County, California","ACSSF","ca","140","00","0004028",,,,,"06","029",,,"003219",,,,,,,,,,,,,,,,,,,,,,,,,,,,,,,,,,,"14000US06029003219","Census Tract 32.19",,,,1430,5,0,47,0,0,0,0,0,0,63,149,324,376,138,277,51,0.35,0,3.29,0,0,0,0,0,0,4.41,10.42,22.66,26.29,9.65,19.37,3.57
"06029003220","Census Tract 32.20, Kern County, California","ACSSF","ca","140","00","0004029",,,,,"06","029",,,"003220",,,,,,,,,,,,,,,,,,,,,,,,,,,,,,,,,,,"14000US06029003220","Census Tract 32.20",,,,958,0,53,15,0,37,0,0,44,17,29,62,140,82,236,174,69,0,5.53,1.57,0,3.86,0,0,4.59,1.77,3.03,6.47,14.61,8.56,24.63,18.16,7.2
"06029003221","Census Tract 32.21, Kern County, California","ACSSF","ca","140","00","0004030",,,,,"06","029",,,"003221",,,,,,,,,,,,,,,,,,,,,,,,,,,,,,,,,,,"14000US06029003221","Census Tract 32.21",,,,998,38,0,0,24,0,51,0,0,0,79,50,166,254,89,62,185,3.81,0,0,2.4,0,5.11,0,0,0,7.92,5.01,16.63,25.45,8.92,6.21,18.54
"06029003222","Census Tract 32.22, Kern County, California","ACSSF","ca","140","00","0004031",,,,,"06","029",,,"003222",,,,,,,,,,,,,,,,,,,,,,,,,,,,,,,,,,,"14000US06029003222","Census Tract 32.22",,,,590,120,11,0,51,30,19,1,5,17,56,20,56,88,17,49,50,20.34,1.86,0,8.64,5.08,3.22,0.17,0.85,2.88,9.49,3.39,9.49,14.92,2.88,8.31,8.47
"06029003303","Census Tract 33.03, Kern County, California","ACSSF","ca","140","00","0004032",,,,,"06","029",,,"003303",,,,,,,,,,,,,,,,,,,,,,,,,,,,,,,,,,,"14000US06029003303","Census Tract 33.03",,,,506,49,6,31,18,38,50,27,25,59,27,29,64,10,13,55,5,9.68,1.19,6.13,3.56,7.51,9.88,5.34,4.94,11.66,5.34,5.73,12.65,1.98,2.57,10.87,0.99
"06029003304","Census Tract 33.04, Kern County, California","ACSSF","ca","140","00","0004033",,,,,"06","029",,,"003304",,,,,,,,,,,,,,,,,,,,,,,,,,,,,,,,,,,"14000US06029003304","Census Tract 33.04",,,,728,56,43,22,22,30,46,20,17,35,29,49,162,56,23,57,61,7.69,5.91,3.02,3.02,4.12,6.32,2.75,2.34,4.81,3.98,6.73,22.25,7.69,3.16,7.83,8.38
"06029003305","Census Tract 33.05, Kern County, California","ACSSF","ca","140","00","0004034",,,,,"06","029",,,"003305",,,,,,,,,,,,,,,,,,,,,,,,,,,,,,,,,,,"14000US06029003305","Census Tract 33.05",,,,1460,204,72,158,80,76,56,128,16,25,143,197,94,49,17,22,123,13.97,4.93,10.82,5.48,5.21,3.84,8.77,1.1,1.71,9.79,13.49,6.44,3.36,1.16,1.51,8.42
"06029003307","Census Tract 33.07, Kern County, California","ACSSF","ca","140","00","0004035",,,,,"06","029",,,"003307",,,,,,,,,,,,,,,,,,,,,,,,,,,,,,,,,,,"14000US06029003307","Census Tract 33.07",,,,1124,159,20,27,28,72,59,148,9,47,97,69,141,94,42,97,15,14.15,1.78,2.4,2.49,6.41,5.25,13.17,0.8,4.18,8.63,6.14,12.54,8.36,3.74,8.63,1.33
"06029003308","Census Tract 33.08, Kern County, California","ACSSF","ca","140","00","0004036",,,,,"06","029",,,"003308",,,,,,,,,,,,,,,,,,,,,,,,,,,,,,,,,,,"14000US06029003308","Census Tract 33.08",,,,778,72,45,0,150,43,10,0,65,26,79,146,15,24,50,16,37,9.25,5.78,0,19.28,5.53,1.29,0,8.35,3.34,10.15,18.77,1.93,3.08,6.43,2.06,4.76
"06029003400","Census Tract 34, Kern County, California","ACSSF","ca","140","00","0004037",,,,,"06","029",,,"003400",,,,,,,,,,,,,,,,,,,,,,,,,,,,,,,,,,,"14000US06029003400","Census Tract 34",,,,1252,128,147,56,63,25,64,88,79,113,114,135,95,50,58,18,19,10.22,11.74,4.47,5.03,2,5.11,7.03,6.31,9.03,9.11,10.78,7.59,3.99,4.63,1.44,1.52
"06029003500","Census Tract 35, Kern County, California","ACSSF","ca","140","00","0004038",,,,,"06","029",,,"003500",,,,,,,,,,,,,,,,,,,,,,,,,,,,,,,,,,,"14000US06029003500","Census Tract 35",,,,3010,447,121,163,85,237,38,189,89,166,169,408,407,97,127,189,78,14.85,4.02,5.42,2.82,7.87,1.26,6.28,2.96,5.51,5.61,13.55,13.52,3.22,4.22,6.28,2.59
"06029003600","Census Tract 36, Kern County, California","ACSSF","ca","140","00","0004039",,,,,"06","029",,,"003600",,,,,,,,,,,,,,,,,,,,,,,,,,,,,,,,,,,"14000US06029003600","Census Tract 36",,,,1329,171,84,98,110,27,137,12,8,84,131,185,97,90,33,17,45,12.87,6.32,7.37,8.28,2.03,10.31,0.9,0.6,6.32,9.86,13.92,7.3,6.77,2.48,1.28,3.39
"06029003806","Census Tract 38.06, Kern County, California","ACSSF","ca","140","00","0004040",,,,,"06","029",,,"003806",,,,,,,,,,,,,,,,,,,,,,,,,,,,,,,,,,,"14000US06029003806","Census Tract 38.06",,,,1852,4,27,0,40,66,58,38,119,18,70,236,133,201,265,261,316,0.22,1.46,0,2.16,3.56,3.13,2.05,6.43,0.97,3.78,12.74,7.18,10.85,14.31,14.09,17.06
"06029003807","Census Tract 38.07, Kern County, California","ACSSF","ca","140","00","0004041",,,,,"06","029",,,"003807",,,,,,,,,,,,,,,,,,,,,,,,,,,,,,,,,,,"14000US06029003807","Census Tract 38.07",,,,1132,55,20,31,45,14,9,69,17,15,122,70,231,122,101,141,70,4.86,1.77,2.74,3.98,1.24,0.8,6.1,1.5,1.33,10.78,6.18,20.41,10.78,8.92,12.46,6.18
"06029003808","Census Tract 38.08, Kern County, California","ACSSF","ca","140","00","0004042",,,,,"06","029",,,"003808",,,,,,,,,,,,,,,,,,,,,,,,,,,,,,,,,,,"14000US06029003808","Census Tract 38.08",,,,1518,97,29,19,0,14,64,67,105,74,173,73,309,158,49,137,150,6.39,1.91,1.25,0,0.92,4.22,4.41,6.92,4.87,11.4,4.81,20.36,10.41,3.23,9.03,9.88
"06029003810","Census Tract 38.10, Kern County, California","ACSSF","ca","140","00","0004043",,,,,"06","029",,,"003810",,,,,,,,,,,,,,,,,,,,,,,,,,,,,,,,,,,"14000US06029003810","Census Tract 38.10",,,,848,4,26,5,0,23,13,0,72,5,36,85,53,72,81,89,284,0.47,3.07,0.59,0,2.71,1.53,0,8.49,0.59,4.25,10.02,6.25,8.49,9.55,10.5,33.49
"06029003811","Census Tract 38.11, Kern County, California","ACSSF","ca","140","00","0004044",,,,,"06","029",,,"003811",,,,,,,,,,,,,,,,,,,,,,,,,,,,,,,,,,,"14000US06029003811","Census Tract 38.11",,,,841,18,30,30,37,29,38,46,39,108,52,58,72,78,64,54,88,2.14,3.57,3.57,4.4,3.45,4.52,5.47,4.64,12.84,6.18,6.9,8.56,9.27,7.61,6.42,10.46
"06029003812","Census Tract 38.12, Kern County, California","ACSSF","ca","140","00","0004045",,,,,"06","029",,,"003812",,,,,,,,,,,,,,,,,,,,,,,,,,,,,,,,,,,"14000US06029003812","Census Tract 38.12",,,,1727,43,21,0,69,52,29,48,116,7,121,267,271,272,223,97,91,2.49,1.22,0,4,3.01,1.68,2.78,6.72,0.41,7.01,15.46,15.69,15.75,12.91,5.62,5.27
"06029003814","Census Tract 38.14, Kern County, California","ACSSF","ca","140","00","0004046",,,,,"06","029",,,"003814",,,,,,,,,,,,,,,,,,,,,,,,,,,,,,,,,,,"14000US06029003814","Census Tract 38.14",,,,2075,0,0,0,2,0,41,0,95,0,72,221,311,83,515,369,366,0,0,0,0.1,0,1.98,0,4.58,0,3.47,10.65,14.99,4,24.82,17.78,17.64
"06029003815","Census Tract 38.15, Kern County, California","ACSSF","ca","140","00","0004047",,,,,"06","029",,,"003815",,,,,,,,,,,,,,,,,,,,,,,,,,,,,,,,,,,"14000US06029003815","Census Tract 38.15",,,,1822,15,72,0,0,144,0,7,0,0,91,192,332,212,243,380,134,0.82,3.95,0,0,7.9,0,0.38,0,0,4.99,10.54,18.22,11.64,13.34,20.86,7.35
"06029003816","Census Tract 38.16, Kern County, California","ACSSF","ca","140","00","0004048",,,,,"06","029",,,"003816",,,,,,,,,,,,,,,,,,,,,,,,,,,,,,,,,,,"14000US06029003816","Census Tract 38.16",,,,1113,0,26,83,0,0,40,60,124,0,0,100,242,262,30,128,18,0,2.34,7.46,0,0,3.59,5.39,11.14,0,0,8.98,21.74,23.54,2.7,11.5,1.62
"06029003817","Census Tract 38.17, Kern County, California","ACSSF","ca","140","00","0004049",,,,,"06","029",,,"003817",,,,,,,,,,,,,,,,,,,,,,,,,,,,,,,,,,,"14000US06029003817","Census Tract 38.17",,,,1258,21,0,0,0,24,0,0,0,82,121,15,190,217,294,207,87,1.67,0,0,0,1.91,0,0,0,6.52,9.62,1.19,15.1,17.25,23.37,16.45,6.92
"06029003818","Census Tract 38.18, Kern County, California","ACSSF","ca","140","00","0004050",,,,,"06","029",,,"003818",,,,,,,,,,,,,,,,,,,,,,,,,,,,,,,,,,,"14000US06029003818","Census Tract 38.18",,,,1420,23,0,35,60,10,43,42,10,40,95,54,435,106,268,123,76,1.62,0,2.46,4.23,0.7,3.03,2.96,0.7,2.82,6.69,3.8,30.63,7.46,18.87,8.66,5.35
"06029003819","Census Tract 38.19, Kern County, California","ACSSF","ca","140","00","0004051",,,,,"06","029",,,"003819",,,,,,,,,,,,,,,,,,,,,,,,,,,,,,,,,,,"14000US06029003819","Census Tract 38.19",,,,1496,136,104,35,27,17,0,61,86,38,78,22,86,114,106,244,342,9.09,6.95,2.34,1.8,1.14,0,4.08,5.75,2.54,5.21,1.47,5.75,7.62,7.09,16.31,22.86
"06029003820","Census Tract 38.20, Kern County, California","ACSSF","ca","140","00","0004052",,,,,"06","029",,,"003820",,,,,,,,,,,,,,,,,,,,,,,,,,,,,,,,,,,"14000US06029003820","Census Tract 38.20",,,,1104,15,16,0,15,46,34,65,33,17,52,78,146,72,46,212,257,1.36,1.45,0,1.36,4.17,3.08,5.89,2.99,1.54,4.71,7.07,13.22,6.52,4.17,19.2,23.28
"06029003821","Census Tract 38.21, Kern County, California","ACSSF","ca","140","00","0004053",,,,,"06","029",,,"003821",,,,,,,,,,,,,,,,,,,,,,,,,,,,,,,,,,,"14000US06029003821","Census Tract 38.21",,,,1349,33,23,0,41,0,33,9,0,38,30,64,249,172,163,316,178,2.45,1.7,0,3.04,0,2.45,0.67,0,2.82,2.22,4.74,18.46,12.75,12.08,23.42,13.19
"06029003822","Census Tract 38.22, Kern County, California","ACSSF","ca","140","00","0004054",,,,,"06","029",,,"003822",,,,,,,,,,,,,,,,,,,,,,,,,,,,,,,,,,,"14000US06029003822","Census Tract 38.22",,,,880,22,26,0,0,0,97,0,63,0,96,47,40,122,46,85,236,2.5,2.95,0,0,0,11.02,0,7.16,0,10.91,5.34,4.55,13.86,5.23,9.66,26.82
"06029003823","Census Tract 38.23, Kern County, California","ACSSF","ca","140","00","0004055",,,,,"06","029",,,"003823",,,,,,,,,,,,,,,,,,,,,,,,,,,,,,,,,,,"14000US06029003823","Census Tract 38.23",,,,1424,22,0,29,0,0,0,15,22,0,19,63,359,106,40,295,454,1.54,0,2.04,0,0,0,1.05,1.54,0,1.33,4.42,25.21,7.44,2.81,20.72,31.88
"06029003824","Census Tract 38.24, Kern County, California","ACSSF","ca","140","00","0004056",,,,,"06","029",,,"003824",,,,,,,,,,,,,,,,,,,,,,,,,,,,,,,,,,,"14000US06029003824","Census Tract 38.24",,,,962,0,0,35,32,45,123,0,22,0,35,111,281,98,29,114,37,0,0,3.64,3.33,4.68,12.79,0,2.29,0,3.64,11.54,29.21,10.19,3.01,11.85,3.85
"06029003825","Census Tract 38.25, Kern County, California","ACSSF","ca","140","00","0004057",,,,,"06","029",,,"003825",,,,,,,,,,,,,,,,,,,,,,,,,,,,,,,,,,,"14000US06029003825","Census Tract 38.25",,,,825,0,14,0,0,19,0,12,0,8,0,68,137,120,98,281,68,0,1.7,0,0,2.3,0,1.45,0,0.97,0,8.24,16.61,14.55,11.88,34.06,8.24
"06029003826","Census Tract 38.26, Kern County, California","ACSSF","ca","140","00","0004058",,,,,"06","029",,,"003826",,,,,,,,,,,,,,,,,,,,,,,,,,,,,,,,,,,"14000US06029003826","Census Tract 38.26",,,,881,0,0,0,58,0,0,44,0,0,8,15,93,138,103,151,271,0,0,0,6.58,0,0,4.99,0,0,0.91,1.7,10.56,15.66,11.69,17.14,30.76
"06029003827","Census Tract 38.27, Kern County, California","ACSSF","ca","140","00","0004059",,,,,"06","029",,,"003827",,,,,,,,,,,,,,,,,,,,,,,,,,,,,,,,,,,"14000US06029003827","Census Tract 38.27",,,,705,0,0,0,53,18,0,0,0,0,15,10,143,60,184,104,118,0,0,0,7.52,2.55,0,0,0,0,2.13,1.42,20.28,8.51,26.1,14.75,16.74
"06029003900","Census Tract 39, Kern County, California","ACSSF","ca","140","00","0004060",,,,,"06","029",,,"003900",,,,,,,,,,,,,,,,,,,,,,,,,,,,,,,,,,,"14000US06029003900","Census Tract 39",,,,600,11,6,4,16,11,81,0,44,32,29,88,37,78,71,78,14,1.83,1,0.67,2.67,1.83,13.5,0,7.33,5.33,4.83,14.67,6.17,13,11.83,13,2.33
"06029004001","Census Tract 40.01, Kern County, California","ACSSF","ca","140","00","0004061",,,,,"06","029",,,"004001",,,,,,,,,,,,,,,,,,,,,,,,,,,,,,,,,,,"14000US06029004001","Census Tract 40.01",,,,951,52,0,64,57,38,0,21,15,74,103,127,266,56,22,52,4,5.47,0,6.73,5.99,4,0,2.21,1.58,7.78,10.83,13.35,27.97,5.89,2.31,5.47,0.42
"06029004002","Census Tract 40.02, Kern County, California","ACSSF","ca","140","00","0004062",,,,,"06","029",,,"004002",,,,,,,,,,,,,,,,,,,,,,,,,,,,,,,,,,,"14000US06029004002","Census Tract 40.02",,,,1005,18,73,56,110,0,12,85,6,0,89,128,117,173,41,47,50,1.79,7.26,5.57,10.95,0,1.19,8.46,0.6,0,8.86,12.74,11.64,17.21,4.08,4.68,4.98
"06029004101","Census Tract 41.01, Kern County, California","ACSSF","ca","140","00","0004063",,,,,"06","029",,,"004101",,,,,,,,,,,,,,,,,,,,,,,,,,,,,,,,,,,"14000US06029004101","Census Tract 41.01",,,,1594,91,113,90,51,54,66,46,35,114,79,216,292,108,86,111,42,5.71,7.09,5.65,3.2,3.39,4.14,2.89,2.2,7.15,4.96,13.55,18.32,6.78,5.4,6.96,2.63
"06029004102","Census Tract 41.02, Kern County, California","ACSSF","ca","140","00","0004064",,,,,"06","029",,,"004102",,,,,,,,,,,,,,,,,,,,,,,,,,,,,,,,,,,"14000US06029004102","Census Tract 41.02",,,,1338,182,104,55,69,156,208,78,50,64,95,69,72,78,23,15,20,13.6,7.77,4.11,5.16,11.66,15.55,5.83,3.74,4.78,7.1,5.16,5.38,5.83,1.72,1.12,1.49
"06029004302","Census Tract 43.02, Kern County, California","ACSSF","ca","140","00","0004065",,,,,"06","029",,,"004302",,,,,,,,,,,,,,,,,,,,,,,,,,,,,,,,,,,"14000US06029004302","Census Tract 43.02",,,,0,0,0,0,0,0,0,0,0,0,0,0,0,0,0,0,0,,,,,,,,,,,,,,,,
"06029004303","Census Tract 43.03, Kern County, California","ACSSF","ca","140","00","0004066",,,,,"06","029",,,"004303",,,,,,,,,,,,,,,,,,,,,,,,,,,,,,,,,,,"14000US06029004303","Census Tract 43.03",,,,1392,108,91,81,41,84,55,70,138,211,174,37,69,82,93,49,9,7.76,6.54,5.82,2.95,6.03,3.95,5.03,9.91,15.16,12.5,2.66,4.96,5.89,6.68,3.52,0.65
"06029004304","Census Tract 43.04, Kern County, California","ACSSF","ca","140","00","0004067",,,,,"06","029",,,"004304",,,,,,,,,,,,,,,,,,,,,,,,,,,,,,,,,,,"14000US06029004304","Census Tract 43.04",,,,707,25,82,0,8,57,45,5,79,95,19,68,127,75,22,0,0,3.54,11.6,0,1.13,8.06,6.36,0.71,11.17,13.44,2.69,9.62,17.96,10.61,3.11,0,0
"06029004305","Census Tract 43.05, Kern County, California","ACSSF","ca","140","00","0004068",,,,,"06","029",,,"004305",,,,,,,,,,,,,,,,,,,,,,,,,,,,,,,,,,,"14000US06029004305","Census Tract 43.05",,,,337,0,0,0,13,13,0,78,0,0,0,0,48,80,0,0,105,0,0,0,3.86,3.86,0,23.15,0,0,0,0,14.24,23.74,0,0,31.16
"06029004402","Census Tract 44.02, Kern County, California","ACSSF","ca","140","00","0004069",,,,,"06","029",,,"004402",,,,,,,,,,,,,,,,,,,,,,,,,,,,,,,,,,,"14000US06029004402","Census Tract 44.02",,,,1429,127,268,177,96,127,69,149,101,21,102,23,59,18,75,17,0,8.89,18.75,12.39,6.72,8.89,4.83,10.43,7.07,1.47,7.14,1.61,4.13,1.26,5.25,1.19,0
"06029004403","Census Tract 44.03, Kern County, California","ACSSF","ca","140","00","0004070",,,,,"06","029",,,"004403",,,,,,,,,,,,,,,,,,,,,,,,,,,,,,,,,,,"14000US06029004403","Census Tract 44.03",,,,908,24,88,99,15,0,72,50,17,30,48,181,106,0,52,81,45,2.64,9.69,10.9,1.65,0,7.93,5.51,1.87,3.3,5.29,19.93,11.67,0,5.73,8.92,4.96
"06029004404","Census Tract 44.04, Kern County, California","ACSSF","ca","140","00","0004071",,,,,"06","029",,,"004404",,,,,,,,,,,,,,,,,,,,,,,,,,,,,,,,,,,"14000US06029004404","Census Tract 44.04",,,,1481,33,266,121,8,40,266,109,135,13,94,134,176,40,0,14,32,2.23,17.96,8.17,0.54,2.7,17.96,7.36,9.12,0.88,6.35,9.05,11.88,2.7,0,0.95,2.16
"06029004500","Census Tract 45, Kern County, California","ACSSF","ca","140","00","0004072",,,,,"06","029",,,"004500",,,,,,,,,,,,,,,,,,,,,,,,,,,,,,,,,,,"14000US06029004500","Census Tract 45",,,,775,71,32,36,24,91,65,45,63,50,105,59,84,19,17,10,4,9.16,4.13,4.65,3.1,11.74,8.39,5.81,8.13,6.45,13.55,7.61,10.84,2.45,2.19,1.29,0.52
"06029004601","Census Tract 46.01, Kern County, California","ACSSF","ca","140","00","0004073",,,,,"06","029",,,"004601",,,,,,,,,,,,,,,,,,,,,,,,,,,,,,,,,,,"14000US06029004601","Census Tract 46.01",,,,0,0,0,0,0,0,0,0,0,0,0,0,0,0,0,0,0,,,,,,,,,,,,,,,,
"06029004603","Census Tract 46.03, Kern County, California","ACSSF","ca","140","00","0004074",,,,,"06","029",,,"004603",,,,,,,,,,,,,,,,,,,,,,,,,,,,,,,,,,,"14000US06029004603","Census Tract 46.03",,,,0,0,0,0,0,0,0,0,0,0,0,0,0,0,0,0,0,,,,,,,,,,,,,,,,
"06029004605","Census Tract 46.05, Kern County, California","ACSSF","ca","140","00","0004075",,,,,"06","029",,,"004605",,,,,,,,,,,,,,,,,,,,,,,,,,,,,,,,,,,"14000US06029004605","Census Tract 46.05",,,,861,70,0,50,0,13,1,0,51,0,16,7,504,60,0,70,19,8.13,0,5.81,0,1.51,0.12,0,5.92,0,1.86,0.81,58.54,6.97,0,8.13,2.21
"06029004606","Census Tract 46.06, Kern County, California","ACSSF","ca","140","00","0004076",,,,,"06","029",,,"004606",,,,,,,,,,,,,,,,,,,,,,,,,,,,,,,,,,,"14000US06029004606","Census Tract 46.06",,,,560,6,37,68,102,0,59,46,18,27,60,95,6,0,0,35,1,1.07,6.61,12.14,18.21,0,10.54,8.21,3.21,4.82,10.71,16.96,1.07,0,0,6.25,0.18
"06029004607","Census Tract 46.07, Kern County, California","ACSSF","ca","140","00","0004077",,,,,"06","029",,,"004607",,,,,,,,,,,,,,,,,,,,,,,,,,,,,,,,,,,"14000US06029004607","Census Tract 46.07",,,,1305,0,75,106,0,0,0,0,39,102,230,298,282,91,0,69,13,0,5.75,8.12,0,0,0,0,2.99,7.82,17.62,22.84,21.61,6.97,0,5.29,1
"06029004702","Census Tract 47.02, Kern County, California","ACSSF","ca","140","00","0004078",,,,,"06","029",,,"004702",,,,,,,,,,,,,,,,,,,,,,,,,,,,,,,,,,,"14000US06029004702","Census Tract 47.02",,,,991,97,70,91,88,98,89,35,106,37,72,38,116,34,20,0,0,9.79,7.06,9.18,8.88,9.89,8.98,3.53,10.7,3.73,7.27,3.83,11.71,3.43,2.02,0,0
"06029004703","Census Tract 47.03, Kern County, California","ACSSF","ca","140","00","0004079",,,,,"06","029",,,"004703",,,,,,,,,,,,,,,,,,,,,,,,,,,,,,,,,,,"14000US06029004703","Census Tract 47.03",,,,1002,0,34,39,114,165,21,111,25,50,35,73,150,28,30,96,31,0,3.39,3.89,11.38,16.47,2.1,11.08,2.5,4.99,3.49,7.29,14.97,2.79,2.99,9.58,3.09
"06029004704","Census Tract 47.04, Kern County, California","ACSSF","ca","140","00","0004080",,,,,"06","029",,,"004704",,,,,,,,,,,,,,,,,,,,,,,,,,,,,,,,,,,"14000US06029004704","Census Tract 47.04",,,,1407,138,44,93,37,138,161,121,60,3,259,68,200,54,31,0,0,9.81,3.13,6.61,2.63,9.81,11.44,8.6,4.26,0.21,18.41,4.83,14.21,3.84,2.2,0,0
"06029004801","Census Tract 48.01, Kern County, California","ACSSF","ca","140","00","0004081",,,,,"06","029",,,"004801",,,,,,,,,,,,,,,,,,,,,,,,,,,,,,,,,,,"14000US06029004801","Census Tract 48.01",,,,1023,32,45,200,25,56,51,84,224,59,63,78,12,39,20,35,0,3.13,4.4,19.55,2.44,5.47,4.99,8.21,21.9,5.77,6.16,7.62,1.17,3.81,1.96,3.42,0
"06029004802","Census Tract 48.02, Kern County, California","ACSSF","ca","140","00","0004082",,,,,"06","029",,,"004802",,,,,,,,,,,,,,,,,,,,,,,,,,,,,,,,,,,"14000US06029004802","Census Tract 48.02",,,,1852,226,233,258,22,105,304,110,9,36,238,157,78,35,11,0,30,12.2,12.58,13.93,1.19,5.67,16.41,5.94,0.49,1.94,12.85,8.48,4.21,1.89,0.59,0,1.62
"06029004901","Census Tract 49.01, Kern County, California","ACSSF","ca","140","00","0004083",,,,,"06","029",,,"004901",,,,,,,,,,,,,,,,,,,,,,,,,,,,,,,,,,,"14000US06029004901","Census Tract 49.01",,,,1586,95,50,94,239,165,161,79,97,67,59,119,136,48,109,41,27,5.99,3.15,5.93,15.07,10.4,10.15,4.98,6.12,4.22,3.72,7.5,8.58,3.03,6.87,2.59,1.7
"06029004903","Census Tract 49.03, Kern County, California","ACSSF","ca","140","00","0004084",,,,,"06","029",,,"004903",,,,,,,,,,,,,,,,,,,,,,,,,,,,,,,,,,,"14000US06029004903","Census Tract 49.03",,,,1293,0,29,72,79,45,181,114,51,28,75,60,90,204,71,116,78,0,2.24,5.57,6.11,3.48,14,8.82,3.94,2.17,5.8,4.64,6.96,15.78,5.49,8.97,6.03
"06029004904","Census Tract 49.04, Kern County, California","ACSSF","ca","140","00","0004085",,,,,"06","029",,,"004904",,,,,,,,,,,,,,,,,,,,,,,,,,,,,,,,,,,"14000US06029004904","Census Tract 49.04",,,,917,96,83,26,103,5,72,49,0,30,46,109,151,30,53,58,6,10.47,9.05,2.84,11.23,0.55,7.85,5.34,0,3.27,5.02,11.89,16.47,3.27,5.78,6.32,0.65
"06029005003","Census Tract 50.03, Kern County, California","ACSSF","ca","140","00","0004086",,,,,"06","029",,,"005003",,,,,,,,,,,,,,,,,,,,,,,,,,,,,,,,,,,"14000US06029005003","Census Tract 50.03",,,,885,93,55,21,143,80,63,24,21,31,64,16,187,20,58,4,5,10.51,6.21,2.37,16.16,9.04,7.12,2.71,2.37,3.5,7.23,1.81,21.13,2.26,6.55,0.45,0.56
"06029005005","Census Tract 50.05, Kern County, California","ACSSF","ca","140","00","0004087",,,,,"06","029",,,"005005",,,,,,,,,,,,,,,,,,,,,,,,,,,,,,,,,,,"14000US06029005005","Census Tract 50.05",,,,886,23,0,41,134,29,87,51,0,58,56,245,80,57,9,11,5,2.6,0,4.63,15.12,3.27,9.82,5.76,0,6.55,6.32,27.65,9.03,6.43,1.02,1.24,0.56
"06029005006","Census Tract 50.06, Kern County, California","ACSSF","ca","140","00","0004088",,,,,"06","029",,,"005006",,,,,,,,,,,,,,,,,,,,,,,,,,,,,,,,,,,"14000US06029005006","Census Tract 50.06",,,,1058,11,30,20,35,65,23,79,0,8,18,112,297,90,31,165,74,1.04,2.84,1.89,3.31,6.14,2.17,7.47,0,0.76,1.7,10.59,28.07,8.51,2.93,15.6,6.99
"06029005103","Census Tract 51.03, Kern County, California","ACSSF","ca","140","00","0004089",,,,,"06","029",,,"005103",,,,,,,,,,,,,,,,,,,,,,,,,,,,,,,,,,,"14000US06029005103","Census Tract 51.03",,,,988,104,36,107,39,38,121,36,13,28,81,60,82,53,44,54,92,10.53,3.64,10.83,3.95,3.85,12.25,3.64,1.32,2.83,8.2,6.07,8.3,5.36,4.45,5.47,9.31
"06029005104","Census Tract 51.04, Kern County, California","ACSSF","ca","140","00","0004090",,,,,"06","029",,,"005104",,,,,,,,,,,,,,,,,,,,,,,,,,,,,,,,,,,"14000US06029005104","Census Tract 51.04",,,,1769,36,35,15,33,37,94,80,46,90,80,175,255,126,170,162,335,2.04,1.98,0.85,1.87,2.09,5.31,4.52,2.6,5.09,4.52,9.89,14.41,7.12,9.61,9.16,18.94
"06029005203","Census Tract 52.03, Kern County, California","ACSSF","ca","140","00","0004091",,,,,"06","029",,,"005203",,,,,,,,,,,,,,,,,,,,,,,,,,,,,,,,,,,"14000US06029005203","Census Tract 52.03",,,,2036,176,350,132,232,108,43,56,223,78,95,44,235,155,61,48,0,8.64,17.19,6.48,11.39,5.3,2.11,2.75,10.95,3.83,4.67,2.16,11.54,7.61,3,2.36,0
"06029005205","Census Tract 52.05, Kern County, California","ACSSF","ca","140","00","0004092",,,,,"06","029",,,"005205",,,,,,,,,,,,,,,,,,,,,,,,,,,,,,,,,,,"14000US06029005205","Census Tract 52.05",,,,1484,149,241,111,277,89,56,22,47,33,150,120,161,28,0,0,0,10.04,16.24,7.48,18.67,6,3.77,1.48,3.17,2.22,10.11,8.09,10.85,1.89,0,0,0
"06029005206","Census Tract 52.06, Kern County, California","ACSSF","ca","140","00","0004093",,,,,"06","029",,,"005206",,,,,,,,,,,,,,,,,,,,,,,,,,,,,,,,,,,"14000US06029005206","Census Tract 52.06",,,,1071,153,99,114,146,74,24,71,7,67,0,72,98,105,0,38,3,14.29,9.24,10.64,13.63,6.91,2.24,6.63,0.65,6.26,0,6.72,9.15,9.8,0,3.55,0.28
"06029005207","Census Tract 52.07, Kern County, California","ACSSF","ca","140","00","0004094",,,,,"06","029",,,"005207",,,,,,,,,,,,,,,,,,,,,,,,,,,,,,,,,,,"14000US06029005207","Census Tract 52.07",,,,847,35,46,126,50,63,55,79,52,56,68,37,33,98,0,49,0,4.13,5.43,14.88,5.9,7.44,6.49,9.33,6.14,6.61,8.03,4.37,3.9,11.57,0,5.79,0
"06029005208","Census Tract 52.08, Kern County, California","ACSSF","ca","140","00","0004095",,,,,"06","029",,,"005208",,,,,,,,,,,,,,,,,,,,,,,,,,,,,,,,,,,"14000US06029005208","Census Tract 52.08",,,,1414,154,159,99,136,77,136,62,3,29,230,117,92,57,20,21,22,10.89,11.24,7,9.62,5.45,9.62,4.38,0.21,2.05,16.27,8.27,6.51,4.03,1.41,1.49,1.56
"06029005300","Census Tract 53, Kern County, California","ACSSF","ca","140","00","0004096",,,,,"06","029",,,"005300",,,,,,,,,,,,,,,,,,,,,,,,,,,,,,,,,,,"14000US06029005300","Census Tract 53",,,,659,102,70,21,18,14,14,60,88,6,56,77,81,12,2,38,0,15.48,10.62,3.19,2.73,2.12,2.12,9.1,13.35,0.91,8.5,11.68,12.29,1.82,0.3,5.77,0
"06029005402","Census Tract 54.02, Kern County, California","ACSSF","ca","140","00","0004097",,,,,"06","029",,,"005402",,,,,,,,,,,,,,,,,,,,,,,,,,,,,,,,,,,"14000US06029005402","Census Tract 54.02",,,,2099,137,54,205,76,72,8,20,87,38,48,173,377,216,170,300,118,6.53,2.57,9.77,3.62,3.43,0.38,0.95,4.14,1.81,2.29,8.24,17.96,10.29,8.1,14.29,5.62
"06029005405","Census Tract 54.05, Kern County, California","ACSSF","ca","140","00","0004098",,,,,"06","029",,,"005405",,,,,,,,,,,,,,,,,,,,,,,,,,,,,,,,,,,"14000US06029005405","Census Tract 54.05",,,,1025,44,61,48,20,33,18,50,94,4,146,194,142,94,19,17,41,4.29,5.95,4.68,1.95,3.22,1.76,4.88,9.17,0.39,14.24,18.93,13.85,9.17,1.85,1.66,4
"06029005406","Census Tract 54.06, Kern County, California","ACSSF","ca","140","00","0004099",,,,,"06","029",,,"005406",,,,,,,,,,,,,,,,,,,,,,,,,,,,,,,,,,,"14000US06029005406","Census Tract 54.06",,,,1433,31,0,0,21,37,0,61,20,189,27,99,169,438,110,116,115,2.16,0,0,1.47,2.58,0,4.26,1.4,13.19,1.88,6.91,11.79,30.57,7.68,8.09,8.03
"06029005407","Census Tract 54.07, Kern County, California","ACSSF","ca","140","00","0004100",,,,,"06","029",,,"005407",,,,,,,,,,,,,,,,,,,,,,,,,,,,,,,,,,,"14000US06029005407","Census Tract 54.07",,,,1424,155,142,27,24,19,6,44,43,46,169,304,88,118,54,78,107,10.88,9.97,1.9,1.69,1.33,0.42,3.09,3.02,3.23,11.87,21.35,6.18,8.29,3.79,5.48,7.51
"06029005408","Census Tract 54.08, Kern County, California","ACSSF","ca","140","00","0004101",,,,,"06","029",,,"005408",,,,,,,,,,,,,,,,,,,,,,,,,,,,,,,,,,,"14000US06029005408","Census Tract 54.08",,,,1990,112,45,36,145,26,107,104,27,82,212,125,132,213,135,233,256,5.63,2.26,1.81,7.29,1.31,5.38,5.23,1.36,4.12,10.65,6.28,6.63,10.7,6.78,11.71,12.86
"06029005409","Census Tract 54.09, Kern County, California","ACSSF","ca","140","00","0004102",,,,,"06","029",,,"005409",,,,,,,,,,,,,,,,,,,,,,,,,,,,,,,,,,,"14000US06029005409","Census Tract 54.09",,,,1943,170,54,0,39,69,120,43,0,15,96,142,343,318,185,199,150,8.75,2.78,0,2.01,3.55,6.18,2.21,0,0.77,4.94,7.31,17.65,16.37,9.52,10.24,7.72
"06029005410","Census Tract 54.10, Kern County, California","ACSSF","ca","140","00","0004103",,,,,"06","029",,,"005410",,,,,,,,,,,,,,,,,,,,,,,,,,,,,,,,,,,"14000US06029005410","Census Tract 54.10",,,,807,64,48,0,11,36,18,8,41,49,101,48,25,0,123,152,83,7.93,5.95,0,1.36,4.46,2.23,0.99,5.08,6.07,12.52,5.95,3.1,0,15.24,18.84,10.29
"06029005508","Census Tract 55.08, Kern County, California","ACSSF","ca","140","00","0004104",,,,,"06","029",,,"005508",,,,,,,,,,,,,,,,,,,,,,,,,,,,,,,,,,,"14000US06029005508","Census Tract 55.08",,,,1629,131,156,42,88,47,128,76,34,62,82,146,252,201,77,31,76,8.04,9.58,2.58,5.4,2.89,7.86,4.67,2.09,3.81,5.03,8.96,15.47,12.34,4.73,1.9,4.67
"06029005509","Census Tract 55.09, Kern County, California","ACSSF","ca","140","00","0004105",,,,,"06","029",,,"005509",,,,,,,,,,,,,,,,,,,,,,,,,,,,,,,,,,,"14000US06029005509","Census Tract 55.09",,,,1637,103,85,23,81,40,69,74,37,42,30,278,169,109,130,118,249,6.29,5.19,1.41,4.95,2.44,4.22,4.52,2.26,2.57,1.83,16.98,10.32,6.66,7.94,7.21,15.21
"06029005510","Census Tract 55.10, Kern County, California","ACSSF","ca","140","00","0004106",,,,,"06","029",,,"005510",,,,,,,,,,,,,,,,,,,,,,,,,,,,,,,,,,,"14000US06029005510","Census Tract 55.10",,,,823,0,95,31,20,66,24,0,0,0,0,105,156,107,64,68,87,0,11.54,3.77,2.43,8.02,2.92,0,0,0,0,12.76,18.96,13,7.78,8.26,10.57
"06029005511","Census Tract 55.11, Kern County, California","ACSSF","ca","140","00","0004107",,,,,"06","029",,,"005511",,,,,,,,,,,,,,,,,,,,,,,,,,,,,,,,,,,"14000US06029005511","Census Tract 55.11",,,,1699,124,165,73,164,146,76,132,47,0,360,76,99,122,66,31,18,7.3,9.71,4.3,9.65,8.59,4.47,7.77,2.77,0,21.19,4.47,5.83,7.18,3.88,1.82,1.06
"06029005512","Census Tract 55.12, Kern County, California","ACSSF","ca","140","00","0004108",,,,,"06","029",,,"005512",,,,,,,,,,,,,,,,,,,,,,,,,,,,,,,,,,,"14000US06029005512","Census Tract 55.12",,,,1184,110,171,69,14,105,101,31,37,17,94,52,18,22,77,56,210,9.29,14.44,5.83,1.18,8.87,8.53,2.62,3.12,1.44,7.94,4.39,1.52,1.86,6.5,4.73,17.74
"06029005513","Census Tract 55.13, Kern County, California","ACSSF","ca","140","00","0004109",,,,,"06","029",,,"005513",,,,,,,,,,,,,,,,,,,,,,,,,,,,,,,,,,,"14000US06029005513","Census Tract 55.13",,,,661,98,0,0,102,33,0,18,0,22,51,16,195,86,40,0,0,14.83,0,0,15.43,4.99,0,2.72,0,3.33,7.72,2.42,29.5,13.01,6.05,0,0
"06029005514","Census Tract 55.14, Kern County, California","ACSSF","ca","140","00","0004110",,,,,"06","029",,,"005514",,,,,,,,,,,,,,,,,,,,,,,,,,,,,,,,,,,"14000US06029005514","Census Tract 55.14",,,,1102,59,61,7,68,0,14,31,0,33,162,67,206,152,59,70,113,5.35,5.54,0.64,6.17,0,1.27,2.81,0,2.99,14.7,6.08,18.69,13.79,5.35,6.35,10.25
"06029005600","Census Tract 56, Kern County, California","ACSSF","ca","140","00","0004111",,,,,"06","029",,,"005600",,,,,,,,,,,,,,,,,,,,,,,,,,,,,,,,,,,"14000US06029005600","Census Tract 56",,,,921,94,80,85,21,31,53,0,43,41,29,74,106,120,56,64,24,10.21,8.69,9.23,2.28,3.37,5.75,0,4.67,4.45,3.15,8.03,11.51,13.03,6.08,6.95,2.61
"06029005700","Census Tract 57, Kern County, California","ACSSF","ca","140","00","0004112",,,,,"06","029",,,"005700",,,,,,,,,,,,,,,,,,,,,,,,,,,,,,,,,,,"14000US06029005700","Census Tract 57",,,,749,10,0,0,12,15,49,56,75,60,54,52,116,101,70,53,26,1.34,0,0,1.6,2,6.54,7.48,10.01,8.01,7.21,6.94,15.49,13.48,9.35,7.08,3.47
"06029005803","Census Tract 58.03, Kern County, California","ACSSF","ca","140","00","0004113",,,,,"06","029",,,"005803",,,,,,,,,,,,,,,,,,,,,,,,,,,,,,,,,,,"14000US06029005803","Census Tract 58.03",,,,1175,162,35,41,112,69,24,81,79,34,89,189,72,93,60,35,0,13.79,2.98,3.49,9.53,5.87,2.04,6.89,6.72,2.89,7.57,16.09,6.13,7.91,5.11,2.98,0
"06029005804","Census Tract 58.04, Kern County, California","ACSSF","ca","140","00","0004114",,,,,"06","029",,,"005804",,,,,,,,,,,,,,,,,,,,,,,,,,,,,,,,,,,"14000US06029005804","Census Tract 58.04",,,,1811,195,87,57,79,127,76,32,18,123,28,359,208,52,83,117,170,10.77,4.8,3.15,4.36,7.01,4.2,1.77,0.99,6.79,1.55,19.82,11.49,2.87,4.58,6.46,9.39
"06029005805","Census Tract 58.05, Kern County, California","ACSSF","ca","140","00","0004115",,,,,"06","029",,,"005805",,,,,,,,,,,,,,,,,,,,,,,,,,,,,,,,,,,"14000US06029005805","Census Tract 58.05",,,,818,28,18,25,33,28,41,26,15,29,23,59,112,188,128,57,8,3.42,2.2,3.06,4.03,3.42,5.01,3.18,1.83,3.55,2.81,7.21,13.69,22.98,15.65,6.97,0.98
"06029005806","Census Tract 58.06, Kern County, California","ACSSF","ca","140","00","0004116",,,,,"06","029",,,"005806",,,,,,,,,,,,,,,,,,,,,,,,,,,,,,,,,,,"14000US06029005806","Census Tract 58.06",,,,1357,41,6,24,5,18,45,39,37,33,53,126,133,167,204,310,116,3.02,0.44,1.77,0.37,1.33,3.32,2.87,2.73,2.43,3.91,9.29,9.8,12.31,15.03,22.84,8.55
"06029005900","Census Tract 59, Kern County, California","ACSSF","ca","140","00","0004117",,,,,"06","029",,,"005900",,,,,,,,,,,,,,,,,,,,,,,,,,,,,,,,,,,"14000US06029005900","Census Tract 59",,,,1273,88,104,90,122,12,31,68,125,24,110,64,197,113,69,37,19,6.91,8.17,7.07,9.58,0.94,2.44,5.34,9.82,1.89,8.64,5.03,15.48,8.88,5.42,2.91,1.49
"06029006002","Census Tract 60.02, Kern County, California","ACSSF","ca","140","00","0004118",,,,,"06","029",,,"006002",,,,,,,,,,,,,,,,,,,,,,,,,,,,,,,,,,,"14000US06029006002","Census Tract 60.02",,,,0,0,0,0,0,0,0,0,0,0,0,0,0,0,0,0,0,,,,,,,,,,,,,,,,
"06029006003","Census Tract 60.03, Kern County, California","ACSSF","ca","140","00","0004119",,,,,"06","029",,,"006003",,,,,,,,,,,,,,,,,,,,,,,,,,,,,,,,,,,"14000US06029006003","Census Tract 60.03",,,,2178,54,117,36,18,72,118,119,70,93,187,221,123,367,116,360,107,2.48,5.37,1.65,0.83,3.31,5.42,5.46,3.21,4.27,8.59,10.15,5.65,16.85,5.33,16.53,4.91
"06029006004","Census Tract 60.04, Kern County, California","ACSSF","ca","140","00","0004120",,,,,"06","029",,,"006004",,,,,,,,,,,,,,,,,,,,,,,,,,,,,,,,,,,"14000US06029006004","Census Tract 60.04",,,,668,43,21,41,36,30,26,22,24,70,133,65,61,26,21,43,6,6.44,3.14,6.14,5.39,4.49,3.89,3.29,3.59,10.48,19.91,9.73,9.13,3.89,3.14,6.44,0.9
"06029006006","Census Tract 60.06, Kern County, California","ACSSF","ca","140","00","0004121",,,,,"06","029",,,"006006",,,,,,,,,,,,,,,,,,,,,,,,,,,,,,,,,,,"14000US06029006006","Census Tract 60.06",,,,1542,50,55,16,23,15,12,23,30,0,76,140,278,208,215,184,217,3.24,3.57,1.04,1.49,0.97,0.78,1.49,1.95,0,4.93,9.08,18.03,13.49,13.94,11.93,14.07
"06029006009","Census Tract 60.09, Kern County, California","ACSSF","ca","140","00","0004122",,,,,"06","029",,,"006009",,,,,,,,,,,,,,,,,,,,,,,,,,,,,,,,,,,"14000US06029006009","Census Tract 60.09",,,,1230,17,31,0,0,97,82,0,77,36,85,78,229,55,107,248,88,1.38,2.52,0,0,7.89,6.67,0,6.26,2.93,6.91,6.34,18.62,4.47,8.7,20.16,7.15
"06029006010","Census Tract 60.10, Kern County, California","ACSSF","ca","140","00","0004123",,,,,"06","029",,,"006010",,,,,,,,,,,,,,,,,,,,,,,,,,,,,,,,,,,"14000US06029006010","Census Tract 60.10",,,,1252,49,0,0,17,83,76,29,18,0,122,57,129,208,110,100,254,3.91,0,0,1.36,6.63,6.07,2.32,1.44,0,9.74,4.55,10.3,16.61,8.79,7.99,20.29
"06029006011","Census Tract 60.11, Kern County, California","ACSSF","ca","140","00","0004124",,,,,"06","029",,,"006011",,,,,,,,,,,,,,,,,,,,,,,,,,,,,,,,,,,"14000US06029006011","Census Tract 60.11",,,,1172,46,0,0,78,58,110,41,117,20,44,81,169,67,79,202,60,3.92,0,0,6.66,4.95,9.39,3.5,9.98,1.71,3.75,6.91,14.42,5.72,6.74,17.24,5.12
"06029006012","Census Tract 60.12, Kern County, California","ACSSF","ca","140","00","0004125",,,,,"06","029",,,"006012",,,,,,,,,,,,,,,,,,,,,,,,,,,,,,,,,,,"14000US06029006012","Census Tract 60.12",,,,1105,65,67,53,0,0,68,134,0,43,58,15,85,73,215,60,169,5.88,6.06,4.8,0,0,6.15,12.13,0,3.89,5.25,1.36,7.69,6.61,19.46,5.43,15.29
"06029006101","Census Tract 61.01, Kern County, California","ACSSF","ca","140","00","0004126",,,,,"06","029",,,"006101",,,,,,,,,,,,,,,,,,,,,,,,,,,,,,,,,,,"14000US06029006101","Census Tract 61.01",,,,1681,129,101,41,102,194,50,168,101,17,51,196,268,81,63,101,18,7.67,6.01,2.44,6.07,11.54,2.97,9.99,6.01,1.01,3.03,11.66,15.94,4.82,3.75,6.01,1.07
"06029006102","Census Tract 61.02, Kern County, California","ACSSF","ca","140","00","0004127",,,,,"06","029",,,"006102",,,,,,,,,,,,,,,,,,,,,,,,,,,,,,,,,,,"14000US06029006102","Census Tract 61.02",,,,1855,262,66,36,74,0,161,69,73,21,93,255,144,280,50,190,81,14.12,3.56,1.94,3.99,0,8.68,3.72,3.94,1.13,5.01,13.75,7.76,15.09,2.7,10.24,4.37
"06029006201","Census Tract 62.01, Kern County, California","ACSSF","ca","140","00","0004128",,,,,"06","029",,,"006201",,,,,,,,,,,,,,,,,,,,,,,,,,,,,,,,,,,"14000US06029006201","Census Tract 62.01",,,,652,30,56,23,26,49,46,85,32,13,33,68,119,45,12,9,6,4.6,8.59,3.53,3.99,7.52,7.06,13.04,4.91,1.99,5.06,10.43,18.25,6.9,1.84,1.38,0.92
"06029006202","Census Tract 62.02, Kern County, California","ACSSF","ca","140","00","0004129",,,,,"06","029",,,"006202",,,,,,,,,,,,,,,,,,,,,,,,,,,,,,,,,,,"14000US06029006202","Census Tract 62.02",,,,1721,31,30,50,57,160,102,100,157,114,141,212,274,96,42,116,39,1.8,1.74,2.91,3.31,9.3,5.93,5.81,9.12,6.62,8.19,12.32,15.92,5.58,2.44,6.74,2.27
"06029006301","Census Tract 63.01, Kern County, California","ACSSF","ca","140","00","0004130",,,,,"06","029",,,"006301",,,,,,,,,,,,,,,,,,,,,,,,,,,,,,,,,,,"14000US06029006301","Census Tract 63.01",,,,918,75,72,64,22,98,89,44,35,96,25,97,81,41,28,44,7,8.17,7.84,6.97,2.4,10.68,9.69,4.79,3.81,10.46,2.72,10.57,8.82,4.47,3.05,4.79,0.76
"06029006303","Census Tract 63.03, Kern County, California","ACSSF","ca","140","00","0004131",,,,,"06","029",,,"006303",,,,,,,,,,,,,,,,,,,,,,,,,,,,,,,,,,,"14000US06029006303","Census Tract 63.03",,,,1199,119,119,54,87,92,105,44,52,63,220,79,72,92,1,0,0,9.92,9.92,4.5,7.26,7.67,8.76,3.67,4.34,5.25,18.35,6.59,6.01,7.67,0.08,0,0
"06029006304","Census Tract 63.04, Kern County, California","ACSSF","ca","140","00","0004132",,,,,"06","029",,,"006304",,,,,,,,,,,,,,,,,,,,,,,,,,,,,,,,,,,"14000US06029006304","Census Tract 63.04",,,,961,21,45,69,45,133,169,125,51,69,58,16,80,56,12,12,0,2.19,4.68,7.18,4.68,13.84,17.59,13.01,5.31,7.18,6.04,1.66,8.32,5.83,1.25,1.25,0
"06029006403","Census Tract 64.03, Kern County, California","ACSSF","ca","140","00","0004133",,,,,"06","029",,,"006403",,,,,,,,,,,,,,,,,,,,,,,,,,,,,,,,,,,"14000US06029006403","Census Tract 64.03",,,,1598,82,84,50,267,87,60,87,110,87,88,289,168,83,12,32,12,5.13,5.26,3.13,16.71,5.44,3.75,5.44,6.88,5.44,5.51,18.09,10.51,5.19,0.75,2,0.75
"06029006404","Census Tract 64.04, Kern County, California","ACSSF","ca","140","00","0004134",,,,,"06","029",,,"006404",,,,,,,,,,,,,,,,,,,,,,,,,,,,,,,,,,,"14000US06029006404","Census Tract 64.04",,,,1069,144,163,219,56,69,58,88,47,41,79,31,45,14,12,3,0,13.47,15.25,20.49,5.24,6.45,5.43,8.23,4.4,3.84,7.39,2.9,4.21,1.31,1.12,0.28,0
"06029006405","Census Tract 64.05, Kern County, California","ACSSF","ca","140","00","0004135",,,,,"06","029",,,"006405",,,,,,,,,,,,,,,,,,,,,,,,,,,,,,,,,,,"14000US06029006405","Census Tract 64.05",,,,608,28,10,27,47,52,40,10,51,56,49,135,77,19,0,7,0,4.61,1.64,4.44,7.73,8.55,6.58,1.64,8.39,9.21,8.06,22.2,12.66,3.12,0,1.15,0
"06029006406","Census Tract 64.06, Kern County, California","ACSSF","ca","140","00","0004136",,,,,"06","029",,,"006406",,,,,,,,,,,,,,,,,,,,,,,,,,,,,,,,,,,"14000US06029006406","Census Tract 64.06",,,,1044,145,46,143,116,39,188,18,34,66,111,93,6,20,19,0,0,13.89,4.41,13.7,11.11,3.74,18.01,1.72,3.26,6.32,10.63,8.91,0.57,1.92,1.82,0,0
"06029006500","Census Tract 65, Kern County, California","ACSSF","ca","140","00","0004137",,,,,"06","029",,,"006500",,,,,,,,,,,,,,,,,,,,,,,,,,,,,,,,,,,"14000US06029006500","Census Tract 65",,,,952,172,0,26,127,55,73,10,41,33,94,77,93,55,70,17,9,18.07,0,2.73,13.34,5.78,7.67,1.05,4.31,3.47,9.87,8.09,9.77,5.78,7.35,1.79,0.95
"06029006600","Census Tract 66, Kern County, California","ACSSF","ca","140","00","0004138",,,,,"06","029",,,"006600",,,,,,,,,,,,,,,,,,,,,,,,,,,,,,,,,,,"14000US06029006600","Census Tract 66",,,,1181,26,70,36,64,73,54,37,67,93,96,102,118,164,98,44,39,2.2,5.93,3.05,5.42,6.18,4.57,3.13,5.67,7.87,8.13,8.64,9.99,13.89,8.3,3.73,3.3
